email,gender_fb,full_name,username,password
mhitschke0@ocn.ne.jp,M,Mariel Hitschke,mhitschke0,nQ9\e\}#(bkee='n
dberesfore1@twitter.com,M,Dale Beresfore,dberesfore1,aH6|3.bvS*e
tmcaster2@privacy.gov.au,M,Taryn McAster,tmcaster2,uB8}oEi!Ms6
znealand3@ifeng.com,M,Zak Nealand,znealand3,uL3/f9h*{J3iqc(
aelves4@answers.com,F,Audre Elves,aelves4,"tQ3|uVm$.3~""f!V"
mphillip5@jalbum.net,M,Meta Phillip,mphillip5,uQ0#`S/$>Z4ZOGu
kdellenbrook6@ning.com,M,Krista Dellenbrook,kdellenbrook6,cN8.9IRlGu|'
iredler7@timesonline.co.uk,M,Ingrid Redler,iredler7,mY1{1ZV&+2
sdon8@domainmarket.com,F,Stefan Don,sdon8,"kL6""uM|<1`)VAj"
eheel9@mlb.com,M,Ethelind Heel,eheel9,bC4&V&6OCk7kB?+5
sinsolla@dagondesign.com,M,Sinclair Insoll,sinsolla,tN8\j)h~{vb{Y
damiesb@wp.com,F,Dav Amies,damiesb,bE0_E0Ofu3e$
jdic@patch.com,F,Judon Di Biasio,jdic,qV1)5~knTy7OA%6O
gbrikd@usda.gov,F,Gweneth Brik,gbrikd,oV2@f%Pq#D19&>
cearrye@bing.com,F,Christoffer Earry,cearrye,bJ1>itXKek
bannearf@w3.org,F,Bill Annear,bannearf,"mX4!e!#gHiF(e,"
bpavineseg@ted.com,F,Belia Pavinese,bpavineseg,jT3?&.91n
msparyh@blinklist.com,M,Madelena Spary,msparyh,lS0}Tn)*f
valthorpi@bing.com,F,Viola Althorp,valthorpi,jM3&c)uwfg
qdrydalej@quantcast.com,M,Queenie Drydale,qdrydalej,"yT3>""9a7HIC43"
amacneilliek@marriott.com,M,Alphonse MacNeillie,amacneilliek,"xU9?Wh,~p'o0"
sbrimilcombel@usgs.gov,M,Sonya Brimilcombe,sbrimilcombel,tT1'%rEB
inorthm@linkedin.com,F,Isiahi North,inorthm,oY2@f#h2hw<p7nWR
mburnsiden@java.com,M,Myrle Burnside,mburnsiden,mL3*C+C1UrKl}/f
econcannono@irs.gov,M,Elga Concannon,econcannono,bE7|.DrIc9?Bn
cbedowp@microsoft.com,M,Caddric Bedow,cbedowp,dZ7@X)ye`?o
sguerreiroq@slideshare.net,F,Shannon Guerreiro,sguerreiroq,"tP7~ui}=y/H""&"
ecotterr@arizona.edu,M,Emmit Cotter,ecotterr,qI9`6ksbVkYo$h=
cgorkes@wikia.com,M,Cinderella Gorke,cgorkes,"eI2,v&)P5L1wSn"
akermont@cnet.com,M,Alonzo Kermon,akermont,rW0}nSdK
tfordyu@oakley.com,F,Tan Fordy,tfordyu,xX2<IS&X
jlawfullv@mlb.com,F,Jillene Lawfull,jlawfullv,gJ1)uO5_ZO
bgianettiw@geocities.com,F,Butch Gianetti,bgianettiw,cJ0~@*ib8+bo
mcossamx@discuz.net,M,Marlyn Cossam,mcossamx,jN6$Mrr4+h6cyu>~
lcanny@paginegialle.it,M,Leeland Cann,lcanny,vT2&kZWWt|P#
eyoungmanz@ucla.edu,M,Eliot Youngman,eyoungmanz,oJ9`~F2yi8<
bcortese10@mysql.com,F,Biddie Cortese,bcortese10,vI4\Q9ZJ
lruzic11@posterous.com,M,Lennard Ruzic,lruzic11,yC7{Ul+R
jrump12@admin.ch,M,Jeniece Rump,jrump12,"lR5_mX?""kq<~t&"
atunnah13@hao123.com,M,Augusto Tunnah,atunnah13,"kI8>/\""fk`g"
mjirek14@spiegel.de,M,Melony Jirek,mjirek14,vZ4$+6V~et'mm$
jofielly15@privacy.gov.au,M,Jandy O'Fielly,jofielly15,yN2|Rt|NJ7hH
dscopes16@blinklist.com,F,Danna Scopes,dscopes16,uO5$HBr.
sisaak17@domainmarket.com,F,Shanie Isaak,sisaak17,fK0{k38&7L
aelphee18@t-online.de,M,Allianora Elphee,aelphee18,pY6'>8APu2V|/qg
aurry19@123-reg.co.uk,F,Allison Urry,aurry19,lA5_`LQ~`fR@|x
ttitmarsh1a@utexas.edu,F,Toma Titmarsh,ttitmarsh1a,tB8%2|f6_nv04|y
cpowdrell1b@live.com,M,Chrissie Powdrell,cpowdrell1b,vU0$$DzNR%
kjeffray1c@walmart.com,M,Keefe Jeffray,kjeffray1c,cX3?JDTZn
hwestwood1d@jiathis.com,F,Harry Westwood,hwestwood1d,"hS4\Ks"",(g="
ltallquist1e@zimbio.com,F,Latashia Tallquist,ltallquist1e,"fJ5""z*2p\aq"
cpitchford1f@gov.uk,M,Codie Pitchford,cpitchford1f,"aP0""i+$WC"
fyong1g@vimeo.com,M,Frederick Yong,fyong1g,sS3$y(0/
mniblock1h@studiopress.com,M,Marin Niblock,mniblock1h,jE0`<5>xw0M\'K
mcomford1i@vimeo.com,M,Mano Comford,mcomford1i,hV4(&r.z759p@&
mreolfi1j@sina.com.cn,F,Marne Reolfi,mreolfi1j,"aH3}Wo1"""
kwoolford1k@amazon.co.jp,M,Kamilah Woolford,kwoolford1k,"eC8(+6*a""6w"
mhenker1l@reddit.com,F,Maryl Henker,mhenker1l,cS6_<LI%F
acowup1m@smugmug.com,M,Aida Cowup,acowup1m,sX1+>!.YD
qleathes1n@scientificamerican.com,M,Quintilla Leathes,qleathes1n,"cF0{""7vQ"
dkendred1o@themeforest.net,M,Domenic Kendred,dkendred1o,sH7&!MC.X>f`(
bscobie1p@moonfruit.com,F,Bianca Scobie,bscobie1p,pP0+u>#gZ!!s
lchild1q@adobe.com,F,Libby Child,lchild1q,mY2*3i?cy56%f
bmullin1r@noaa.gov,M,Brandie Mullin,bmullin1r,hD9%tcOW
tfranchi1s@clickbank.net,F,Tomaso Franchi,tfranchi1s,"hS4._xl\>bG""4""J"
itripney1t@reuters.com,F,Ilysa Tripney,itripney1t,fU7?=0E5C<YV@Jp!
gazam1u@geocities.com,M,Gordy Azam,gazam1u,sH4#va1q`zr2
ehazael1v@1und1.de,M,Ethan Hazael,ehazael1v,uI4`Wxd.n!EPg
efritter1w@omniture.com,F,Emeline Fritter,efritter1w,dC7.6/pOy$wNb6.
vhendonson1x@unesco.org,F,Vito Hendonson,vhendonson1x,"jL8~V,iz!udL"
kburdfield1y@psu.edu,M,Kimmie Burdfield,kburdfield1y,bA4{yht)oD@rg
dbroun1z@time.com,M,Dyan Broun,dbroun1z,lI7=/IQA`
cbarmadier20@statcounter.com,F,Chancey Barmadier,cbarmadier20,hU2&tRgNTCZ)
kamy21@dmoz.org,M,Kele Amy,kamy21,cM1.b(Fr1V
ldegan22@booking.com,M,Laurette Degan,ldegan22,nX4>K<Lw
cgini23@feedburner.com,F,Cynthy Gini,cgini23,lE4<h7v8X`O_PJ}
sgateley24@howstuffworks.com,M,Sib Gateley,sgateley24,"lU0+q`P,/69C"
ctallon25@harvard.edu,M,Carr Tallon,ctallon25,bR5>xxfWI\#wU6tL
bmadders26@usa.gov,M,Bill Madders,bmadders26,hV5`1'iE
schasmar27@sakura.ne.jp,M,Stesha Chasmar,schasmar27,tO9=e&CL>sN)\/
dzum28@joomla.org,M,Diannne Zum Felde,dzum28,"mH2._wyO,}20KO="
nzarfai29@wikia.com,M,Nathaniel Zarfai,nzarfai29,"eS7}wS,$A6"
mmerriday2a@wired.com,M,Mallory Merriday,mmerriday2a,mY3>T*#wxPT6Cz
rcadding2b@geocities.com,F,Rachael Cadding,rcadding2b,tR6>20w}Fh2tOCFl
lboddice2c@xrea.com,F,Lucienne Boddice,lboddice2c,qA7}?r_Il
utumayan2d@zimbio.com,M,Ulrica Tumayan,utumayan2d,aJ4|xLu6
gbauduin2e@mtv.com,F,Gale Bauduin,gbauduin2e,wI0%QETB<isH~
cgulland2f@ucla.edu,F,Cassey Gulland,cgulland2f,"oL7@`'gQ""jNZkj?"""
lpiddington2g@rediff.com,M,Lorita Piddington,lpiddington2g,"qR5*F|vu7X>B""A0"
ncheese2h@symantec.com,M,Nariko Cheese,ncheese2h,"dA2{KM,&+>Yu3~'r"
mcicchelli2i@wired.com,M,Micah Cicchelli,mcicchelli2i,"cP3(}0L(KW,""AsH"
dcragell2j@amazonaws.com,F,Dinah Cragell,dcragell2j,"qR2}9o,JX}b="
syard2k@free.fr,M,Silvain Yard,syard2k,aE3*P\Ok|_
wgrist2l@opera.com,F,Winthrop Grist,wgrist2l,vA5~cUmV3Muz
opoxson2m@tiny.cc,F,Olivia Poxson,opoxson2m,kQ9~@0V$v
ibru2n@google.it,F,Idalina Bru,ibru2n,sT6*SNpV
mgalletley2o@nba.com,F,Maison Galletley,mgalletley2o,tM3\Ua@b5!4/J3?
dwanne2p@trellian.com,M,Donella Wanne,dwanne2p,dL7'Fe2e
gcristou2q@chron.com,M,Gardener Cristou,gcristou2q,"kL2%ltb\v|{,G{rE"
owickendon2r@boston.com,M,Olvan Wickendon,owickendon2r,xW3/eA{cB~
ethorp2s@nsw.gov.au,F,Eilis Thorp,ethorp2s,"tA6_oW+I+Xm""9"
ssteet2t@nationalgeographic.com,F,Seana Steet,ssteet2t,fY8}49F@
blantiffe2u@elegantthemes.com,M,Bibbye Lantiffe,blantiffe2u,fQ8|2c9KD`!r
acraze2v@cisco.com,M,Ariella Craze,acraze2v,zU3+Pz8u
fkarpman2w@reverbnation.com,M,Franklin Karpman,fkarpman2w,mM7*a?)RaWqO6X
kstather2x@domainmarket.com,M,Kara Stather,kstather2x,vD5`eCX*G#>wm
mneame2y@tinyurl.com,F,Michal Neame,mneame2y,"eR4#57fkTc/uoU,,"
cdrillot2z@wufoo.com,M,Cynthie Drillot,cdrillot2z,uL1`m?@0
pimloch30@gizmodo.com,F,Pepe Imloch,pimloch30,"qZ6(ptE15,3EHa"
dbreslauer31@photobucket.com,F,Dianemarie Breslauer,dbreslauer31,fD4@Ziz)'<(a
cfayter32@dailymail.co.uk,F,Carolus Fayter,cfayter32,kF3)*y4X9Crx_
vhallad33@163.com,M,Valerye Hallad,vhallad33,"sJ6*Tofkz{/d,"
mnorthin34@myspace.com,M,Madge Northin,mnorthin34,zN4?v&3xU
ptruitt35@ebay.co.uk,F,Penrod Truitt,ptruitt35,rX7$8#@Pt>LTD8d`
bdorracott36@hatena.ne.jp,M,Blair Dorracott,bdorracott36,tB4*ej3Q
twestfalen37@skyrock.com,F,Tanhya Westfalen,twestfalen37,iN8}6$5x{rE_8N
tkivelle38@usatoday.com,F,Tailor Kivelle,tkivelle38,qR8/d#CZ
svido39@hc360.com,F,Staffard Vido,svido39,iT1=qp=Js
sohenecan3a@acquirethisname.com,F,Sky O'Henecan,sohenecan3a,"zM7!wT~Hd|1_),p"
wblackburne3b@bloomberg.com,F,Winifield Blackburne,wblackburne3b,"gS8,c9mf"
nbernardeschi3c@tmall.com,M,Nicholas Bernardeschi,nbernardeschi3c,"mM9=Gcox1,"
hbrouwer3d@bloglovin.com,M,Hilary Brouwer,hbrouwer3d,nM4`JElE
dspurritt3e@pagesperso-orange.fr,M,Derby Spurritt,dspurritt3e,mZ2_)K{}R
cbirtwisle3f@chicagotribune.com,F,Chalmers Birtwisle,cbirtwisle3f,rY1<{XWh
bwillan3g@cam.ac.uk,F,Birch Willan,bwillan3g,"uI1""BHR6zV.LVLpp"
jcorp3h@nasa.gov,M,Jordan Corp,jcorp3h,lA2~ENl%VL0?cgo1
pruggs3i@networkadvertising.org,M,Paolo Ruggs,pruggs3i,pQ0_GtN_TM
cshepstone3j@wordpress.org,F,Cammi Shepstone,cshepstone3j,cE2=Cfz~S
rrisman3k@xinhuanet.com,F,Rosamund Risman,rrisman3k,dT7&0sim\x3R
byakunikov3l@zdnet.com,M,Brant Yakunikov,byakunikov3l,hP6#(v}qX=
tgraftonherbert3m@bigcartel.com,F,Thaddus Grafton-Herbert,tgraftonherbert3m,dX3#I}W=E|y@>)H
sgeertz3n@icq.com,F,Shina Geertz,sgeertz3n,"fV0,qPZ)nOj!o&\|"
anode3o@usa.gov,M,Aeriel Node,anode3o,jB0(PX!+>DE%x
jturton3p@fotki.com,F,Jake Turton,jturton3p,cY5~e*OD
iluckcuck3q@blinklist.com,M,Irena Luckcuck,iluckcuck3q,pR0+a3nLi
astoak3r@go.com,M,Ardeen Stoak,astoak3r,"qR9}0&ju""l||6"
zcarslake3s@ehow.com,F,Zeb Carslake,zcarslake3s,xX9%XJU(2C=z@CYd
obasketter3t@nsw.gov.au,F,Ophelia Basketter,obasketter3t,gV2#`G\VVnu51U!
cphonix3u@epa.gov,F,Charita Phonix,cphonix3u,sK6)>wkn
mkeoghan3v@seattletimes.com,M,Mattie Keoghan,mkeoghan3v,nA5#O`!{Y4
icrippes3w@jalbum.net,F,Itch Crippes,icrippes3w,hT4}*`W_0z`6)
smerry3x@live.com,M,Sawyere Merry,smerry3x,qW6&4&g=
nmeletti3y@360.cn,F,Nanci Meletti,nmeletti3y,bH6`4io+C7iTS
abruyntjes3z@ovh.net,M,Aurthur Bruyntjes,abruyntjes3z,oD0~}Qo&A!'2f3z0
jmorrill40@ebay.co.uk,F,Jacquenette Morrill,jmorrill40,tA4*EUK4S/+/
mbrosch41@multiply.com,F,Marin Brosch,mbrosch41,mW8*xG)I
amiere42@hud.gov,M,Aymer Miere,amiere42,"wP7""xL5,\E~T~"
tthurske43@barnesandnoble.com,M,Theda Thurske,tthurske43,tZ1.ZQt&
jbowgen44@booking.com,F,Julia Bowgen,jbowgen44,sH3**$?%ux
ztimbridge45@wix.com,F,Zedekiah Timbridge,ztimbridge45,uB4/klA(WJd
rlevin46@pbs.org,F,Reece Levin,rlevin46,nE4$XDP*FGCx
ssibary47@alibaba.com,F,Shirleen Sibary,ssibary47,vX2|6@VF$gF'QNF
tdufton48@de.vu,M,Tyrone Dufton,tdufton48,tE7<}<@>?i>sjz$
ltimberlake49@youtu.be,M,Lorrie Timberlake,ltimberlake49,gN3\KXzxl
lcurrer4a@businesswire.com,F,Lorilyn Currer,lcurrer4a,pS0&}9\@8'
rsedgebeer4b@home.pl,F,Ravid Sedgebeer,rsedgebeer4b,aC7%$XnDE7!X
sfurniss4c@smh.com.au,F,Sheryl Furniss,sfurniss4c,xI8(Fa1IeS4@
jspellacy4d@newyorker.com,M,Janeta Spellacy,jspellacy4d,cB9?#uT*}rL>zSi
jnozzolinii4e@wikia.com,F,Jacquenette Nozzolinii,jnozzolinii4e,mV6!{tjeP?ez6
ekroin4f@patch.com,F,Elianora Kroin,ekroin4f,mN5!YVW1tI
sgerber4g@intel.com,F,Sim Gerber,sgerber4g,"sM9_""J*7rCcb"
lwannell4h@vk.com,M,Lane Wannell,lwannell4h,"vR4,G{SylYJz"
abarby4i@fotki.com,F,Alfie Barby,abarby4i,"hO4)`mj1Cxo""hL$J"
tmassie4j@cmu.edu,F,Tommie Massie,tmassie4j,aU9.k?'f
jsilbersak4k@behance.net,F,Josiah Silbersak,jsilbersak4k,cU1((sX%8w'|yR
bhursthouse4l@tiny.cc,M,Babs Hursthouse,bhursthouse4l,oQ1+JSZ9nhF@j746
tforseith4m@phoca.cz,F,Tammi Forseith,tforseith4m,jR0!}%pq5}
cdallywater4n@cnet.com,F,Carlee Dallywater,cdallywater4n,"qH6}`Vj}MF""bJ"
dvearncombe4o@friendfeed.com,F,Dusty Vearncombe,dvearncombe4o,fJ3<J`xYc
rcamellini4p@yellowbook.com,F,Riley Camellini,rcamellini4p,"nM5$`,e1AX<N"
wjeffers4q@themeforest.net,M,William Jeffers,wjeffers4q,aV5'Ws&09HtKhM/
cretallick4r@vk.com,F,Chaddy Retallick,cretallick4r,tW4/>P%7ED&P}
fcrossdale4s@ebay.com,F,Fergus Crossdale,fcrossdale4s,"aQ8,/}ZR?"
gfilyukov4t@arizona.edu,M,Ganny Filyukov,gfilyukov4t,dZ5|#vWYUelT|
hcrummy4u@shop-pro.jp,F,Hoebart Crummy,hcrummy4u,"lT2!,ib08Lf"
jcoppledike4v@aol.com,F,Jarvis Coppledike,jcoppledike4v,jD1`z7NyT
bguidotti4w@instagram.com,F,Bentley Guidotti,bguidotti4w,"dR7&7N8>P,}e="
lenstone4x@parallels.com,F,Livvy Enstone,lenstone4x,uM3((wj03
movise4y@discovery.com,M,Mechelle Ovise,movise4y,bV4|GXVb*$<*o+6$
vlindbergh4z@amazonaws.com,M,Virgie Lindbergh,vlindbergh4z,qV6!v)0}D
dcadalleder50@angelfire.com,M,Diandra Cadalleder,dcadalleder50,fR6*zcs/6McuSoF
bfarrier51@usnews.com,M,Bambi Farrier,bfarrier51,vP6&HPBDI2LC&
bmealiffe52@utexas.edu,F,Bridget Mealiffe,bmealiffe52,iR2_KvcX
mfleckney53@google.nl,M,Mason Fleckney,mfleckney53,"eY2,kA)AU~~D+>f`"
saingel54@sphinn.com,F,Sigismond Aingel,saingel54,zP4)b%_IJj'Ijv#
rephgrave55@biglobe.ne.jp,F,Randal Ephgrave,rephgrave55,"rH6$y+Y+w&,Z"
rcarmont56@sphinn.com,F,Rex Carmont,rcarmont56,gR9_~_hgZNR!ng
kmayow57@jiathis.com,M,Kordula Mayow,kmayow57,xR2/(q+<b0<`i
kscargill58@forbes.com,F,Kelsy Scargill,kscargill58,eS9=FJ'_rFiY8+
jnavaro59@chron.com,M,Justino Navaro,jnavaro59,lR2#Yxe_o6
dsloat5a@abc.net.au,F,Delcine Sloat,dsloat5a,cK5`r>5*VUl
jtarver5b@newyorker.com,M,Jervis Tarver,jtarver5b,"eC3)B8|6,>)l"
gondracek5c@yahoo.com,M,Gretchen Ondracek,gondracek5c,"lP1'WI)M""NG"
lfoye5d@howstuffworks.com,M,Leyla Foye,lfoye5d,mV1!+Cn#>$ns4u
lbrowncey5e@cnbc.com,M,Liv Browncey,lbrowncey5e,"oU9(<oA,v|C="
mkhadir5f@typepad.com,F,Mikael Khadir,mkhadir5f,zU3'G=7/Kq5K%
rtout5g@trellian.com,M,Ricki Tout,rtout5g,sZ2(LqXs
mwerny5h@sfgate.com,F,Marcos Werny,mwerny5h,dM7{u{Xqm75Kvh2
vramet5i@t-online.de,F,Vicky Ramet,vramet5i,oO6&`51V80y2nZ
ppolleye5j@prweb.com,F,Phyllys Polleye,ppolleye5j,mB6|xn`4lav
chards5k@opensource.org,M,Corrie Hards,chards5k,pS1?av\!wJB$>
owellington5l@utexas.edu,M,Olwen Wellington,owellington5l,yE4>bGqtg
fnemchinov5m@google.fr,M,Florinda Nemchinov,fnemchinov5m,hD1(oW?'4`L7
cbampkin5n@rambler.ru,F,Constancy Bampkin,cbampkin5n,vI2_xZg)ak>
mdanielsky5o@mashable.com,M,Mayor Danielsky,mdanielsky5o,uO4(#&Zg%nzN\
gmattusov5p@xrea.com,F,Goldi Mattusov,gmattusov5p,qU2}T{>sGn0+
sflewett5q@gov.uk,F,Stanwood Flewett,sflewett5q,wE3#o=+pl#KrILo
eattewell5r@irs.gov,F,Ernst Attewell,eattewell5r,sG0'_oEVX1gh
astopher5s@domainmarket.com,M,Armin Stopher,astopher5s,zN0&z~Jk4=}1J
elevinge5t@nationalgeographic.com,M,Ernesta Levinge,elevinge5t,"sT9#!B\,d$3(j"
irohlf5u@networkadvertising.org,M,Irma Rohlf,irohlf5u,nM0.\G=98I
vvickery5v@booking.com,M,Vlad Vickery,vvickery5v,wS1@0IBkpZfej
lsimoes5w@alibaba.com,F,Loria Simoes,lsimoes5w,tA7#\LGdS*E6
awithams5x@smugmug.com,M,Arney Withams,awithams5x,rK0.b'NjlrF*/E*n
rscrogges5y@upenn.edu,F,Ric Scrogges,rscrogges5y,vG5!!dMw!2Orcpyl
vchessum5z@opera.com,M,Vida Chessum,vchessum5z,eF2~l/HB#
enusche60@google.com,F,Enoch Nusche,enusche60,sN0)pGZ3
vknibbs61@economist.com,F,Vickie Knibbs,vknibbs61,wQ6|M<Jl?%LdXV+
sdobson62@noaa.gov,F,Shirline Dobson,sdobson62,mU7#`iH\tW
mbattyll63@miitbeian.gov.cn,F,Morse Battyll,mbattyll63,hD9{ii_{&RX
ncoots64@blog.com,F,Natal Coots,ncoots64,iV9>r{\uQGJQA1
ofinnimore65@reddit.com,F,Obediah Finnimore,ofinnimore65,dO0\gyb?
ckirkebye66@salon.com,F,Creight Kirkebye,ckirkebye66,hC1}PCo4~<
gscranedge67@wikimedia.org,F,Gallagher Scranedge,gscranedge67,tG6?NeMj6
nmcasgill68@uol.com.br,M,Nichol McAsgill,nmcasgill68,yR6{6/troi7i
cbartlomiejczyk69@aol.com,F,Cherish Bartlomiejczyk,cbartlomiejczyk69,rW3.cQKcc{b=)
chearmon6a@google.com.au,F,Chucho Hearmon,chearmon6a,eJ9/eWG'v3N
gchadband6b@vkontakte.ru,F,Gino Chadband,gchadband6b,uS2*Tv!3~
nrodwell6c@sun.com,M,Natka Rodwell,nrodwell6c,vG6{crb=
spiquard6d@cmu.edu,F,Sheila-kathryn Piquard,spiquard6d,aE1{yZ_}
ccrossdale6e@opera.com,M,Corty Crossdale,ccrossdale6e,yM9/H6)IL
gruston6f@cbc.ca,M,Gypsy Ruston,gruston6f,gB3'S1CB
falekhov6g@wp.com,M,Ferris Alekhov,falekhov6g,wF9>Wh9mk#g$
hcamin6h@europa.eu,M,Hieronymus Camin,hcamin6h,jX9<v72GY&G
fotto6i@patch.com,M,Fransisco Otto,fotto6i,dY6&GyxXQJ
wbolitho6j@adobe.com,F,Willie Bolitho,wbolitho6j,"hJ1/B>cD""U"
mmckinn6k@usatoday.com,M,Mab McKinn,mmckinn6k,jD9.dRSw>
dbinstead6l@mail.ru,F,Deni Binstead,dbinstead6l,zV4<`017OQ4GZ)
fatkyns6m@washingtonpost.com,F,Fara Atkyns,fatkyns6m,uJ3@WJpSsponzj&2
adinley6n@huffingtonpost.com,M,Agneta Dinley,adinley6n,eB9!Q#N.C.(o`b
esalan6o@godaddy.com,F,Ermin Salan,esalan6o,"qP7$fRYt,1Ut4"
aherreros6p@nydailynews.com,F,Alverta Herreros,aherreros6p,sX8!3N9N*<Z
dantonsen6q@wired.com,M,Darsie Antonsen,dantonsen6q,dG0*KcNp\`}|%
rgreatbatch6r@yahoo.co.jp,M,Robbie Greatbatch,rgreatbatch6r,gS8!w/FNy'pH*jww
afelce6s@blogtalkradio.com,F,Ambrosi Felce,afelce6s,"cC7_sE""Lei?+0c"""
lrawnsley6t@boston.com,M,Lindsey Rawnsley,lrawnsley6t,"xX3~5Te,KHhfaf"
rmaccoveney6u@bing.com,M,Rosita MacCoveney,rmaccoveney6u,"aK4@\&%a,"
sskeel6v@foxnews.com,M,Shem Skeel,sskeel6v,"lU6,a9*vH_"
echaves6w@china.com.cn,M,Elden Chaves,echaves6w,bC5'hjpZkz)9136
tventura6x@friendfeed.com,F,Toinette Ventura,tventura6x,lX9~tbtINRu&tTw
lheggison6y@bing.com,M,Lorinda Heggison,lheggison6y,gY8|iQd8nwlKXhn!
pdundon6z@mlb.com,F,Pamela Dundon,pdundon6z,"lY9<dYZ6Ha""_"
pgelland70@alexa.com,M,Prentiss Gelland,pgelland70,eL1.w9usqef`SX)
htomsa71@4shared.com,F,Hube Tomsa,htomsa71,yJ1/LOQ{}!t
pgibbons72@histats.com,F,Pearce Gibbons,pgibbons72,aU5=dL3}N(=Urx%
dnissle73@globo.com,F,Deborah Nissle,dnissle73,wX1#3iM%!JvO@u6
nwhyman74@yelp.com,M,Norean Whyman,nwhyman74,"iJ4`dj4""F"
vmcfarlan75@umich.edu,F,Veronique McFarlan,vmcfarlan75,fV8~`2B=I9n_Gg+
gcleere76@vk.com,M,Guilbert Cleere,gcleere76,qY0$}tsmV{/zq
rstanway77@utexas.edu,F,Ronnie Stanway,rstanway77,zK3$h|B'5S?<}X/A
snerheny78@forbes.com,M,Shannon Nerheny,snerheny78,"bS4<""2SEQn"
ldyas79@canalblog.com,M,Lara Dyas,ldyas79,rV0%PobMvWcT
epenwright7a@a8.net,F,Elwood Penwright,epenwright7a,qL4\bcIn1DdfRk
agellier7b@google.com,M,Alvin Gellier,agellier7b,aP9)=_)'0
vkase7c@toplist.cz,M,Valeria Kase,vkase7c,aG9)%`{L'68+NX`e
bdoiley7d@live.com,F,Blake Doiley,bdoiley7d,iI4!ps2=$7WcT8>
hmutch7e@goodreads.com,F,Harald Mutch,hmutch7e,"pQ3!d""""Ht2!q}+"""
dcanape7f@newsvine.com,F,Doria Canape,dcanape7f,vD7|\gKCF$9=S
mbalbeck7g@eepurl.com,M,Magnum Balbeck,mbalbeck7g,hS5}02/0
tmcenteggart7h@wikia.com,F,Tommy McEnteggart,tmcenteggart7h,"xL9>OO8""p\)K"
ckeddle7i@typepad.com,M,Cacilia Keddle,ckeddle7i,wF0|dg7z)Tbh
msolway7j@is.gd,M,Mavra Solway,msolway7j,qH7/H{.K`9x
obernat7k@freewebs.com,M,Obediah Bernat,obernat7k,"nY0{e*7>,)@&"
cmoline7l@miibeian.gov.cn,F,Colman Moline,cmoline7l,hX5/0Y4SIoFdHD6R
hgouldbourn7m@ted.com,F,Hastings Gouldbourn,hgouldbourn7m,sP1$fPcRHdr<m
nvasiltsov7n@foxnews.com,F,Nappy Vasiltsov,nvasiltsov7n,jJ0&9Hwp04r
kblaase7o@answers.com,F,Karrie Blaase,kblaase7o,dW2@>AOsf*
hmaccome7p@histats.com,M,Haze MacCome,hmaccome7p,"bR7+""@$L=9@Kj"
gcolnet7q@google.ru,F,Guillema Colnet,gcolnet7q,sP6~CL0>%18
dearingey7r@amazon.com,F,Dulce Earingey,dearingey7r,dD3+*5C&oj!t
bgeere7s@tmall.com,M,Bancroft Geere,bgeere7s,nL5.q`EJ`T6D=3
kbraam7t@si.edu,F,Kaiser Braam,kbraam7t,qX6$yM=a_
lcharlick7u@unicef.org,F,Loree Charlick,lcharlick7u,mE6+h_\&/poC
bren7v@army.mil,F,Benedict Ren,bren7v,qH9}&_EZ{2}@6=)
dbatham7w@dell.com,M,Darin Batham,dbatham7w,gT2&tPloo6
loluney7x@unicef.org,M,Lu O'Luney,loluney7x,bY7{8u~Ke
bhamshere7y@wunderground.com,F,Basia Hamshere,bhamshere7y,kN1)cI<9h
bmacilory7z@cbc.ca,M,Barn MacIlory,bmacilory7z,aC6~QHT1Z0RHg
evolante80@indiatimes.com,M,Estevan Volante,evolante80,kO6|dSAMFd.
lharraway81@stumbleupon.com,M,Lotta Harraway,lharraway81,"zB7@,#85<BdM'R"
dschust82@tamu.edu,M,Doria Schust,dschust82,qY2#hq{T#GR_{=.
dcrosswaite83@creativecommons.org,F,Dolph Crosswaite,dcrosswaite83,dW3?LTAO
emanoelli84@ehow.com,M,Emmaline Manoelli,emanoelli84,wV0=.{kc
etorre85@flickr.com,F,Ertha Torre,etorre85,kE3\x<QiUPR/
dpartlett86@freewebs.com,F,Dulcine Partlett,dpartlett86,"lU1""m*u8c7"
klebbon87@sbwire.com,M,Kurtis Lebbon,klebbon87,rG3/%Hl|0
abodycombe88@wunderground.com,M,Augustine Bodycombe,abodycombe88,kF2`+1lSO
kharland89@squarespace.com,F,Karee Harland,kharland89,"vO8""\fB~5bvx.kq"
acanet8a@people.com.cn,F,Ainsley Canet,acanet8a,qD7')}Dx
qjackling8b@comsenz.com,F,Quintus Jackling,qjackling8b,tO3&\c*P%}iZ
laymes8c@devhub.com,F,Lynett Aymes,laymes8c,jJ0=gv1RmB
ltullett8d@buzzfeed.com,M,Lynn Tullett,ltullett8d,rM1\j{5s
dbickerstasse8e@hubpages.com,F,Dean Bickerstasse,dbickerstasse8e,"sH5""Ztz6P!{s"
gbernardot8f@quantcast.com,M,Geordie Bernardot,gbernardot8f,aU5?xp6U)=D
lstowers8g@ebay.co.uk,F,Levin Stowers,lstowers8g,"hP9~""LmR`qjH<#z"
gbrotherhed8h@nps.gov,F,Gaylor Brotherhed,gbrotherhed8h,sQ2?TFjl)KV
djorck8i@trellian.com,M,Darice Jorck,djorck8i,eQ3$AVqe
lmeijer8j@wix.com,M,Lorita Meijer,lmeijer8j,"fG9=,*#p"
dmeineken8k@paypal.com,F,Darrelle Meineken,dmeineken8k,lE8|(\>f0&$armA
pendricci8l@wikimedia.org,M,Philippe Endricci,pendricci8l,tK2\}7Xp~ZyVYlq&
sbranney8m@csmonitor.com,F,Stephan Branney,sbranney8m,tK5{!cwSU}
ltilliards8n@theatlantic.com,F,Lemar Tilliards,ltilliards8n,cW9'x9e'&+&
jlattka8o@mayoclinic.com,F,Janey Lattka,jlattka8o,qS9$r%9ys
jgabriel8p@a8.net,F,Janina Gabriel,jgabriel8p,uL1@B=v8\
tdollman8q@ucla.edu,F,Tara Dollman,tdollman8q,nL0<DG{pB
mleathart8r@senate.gov,M,Mariam Leathart,mleathart8r,"iX5<mD=0>""L<fHG"
wwaddington8s@unc.edu,M,Winslow Waddington,wwaddington8s,pH2=EPYt
pradmer8t@army.mil,F,Patty Radmer,pradmer8t,xG2?Ek8=hk=
rgawthorp8u@redcross.org,M,Rog Gawthorp,rgawthorp8u,fM7*/pf(b
avan8v@mail.ru,M,Abram Van Dale,avan8v,lH5{cd/g6+{
mgamblin8w@ebay.com,F,Marget Gamblin,mgamblin8w,nN5`t_mHi8l
dpincked8x@facebook.com,M,Denise Pincked,dpincked8x,cC9?3e`mIO
bsalazar8y@tuttocitta.it,M,Beverie Salazar,bsalazar8y,jW3`9C%dD
lsayburn8z@forbes.com,F,Lauryn Sayburn,lsayburn8z,pO7>X75/bKDa
mwyley90@bluehost.com,F,Marjorie Wyley,mwyley90,"eW8`Dn{q\,\%sj"
nsweetzer91@harvard.edu,F,Nissy Sweetzer,nsweetzer91,hC9/+6Qfd
afaull92@businessweek.com,F,Allard Faull,afaull92,yU7+(~xe2z
mbiever93@hostgator.com,M,Micky Biever,mbiever93,iT3)s9S9)a
sdewdney94@patch.com,F,Stavro Dewdney,sdewdney94,qT9#qg}}YPVv8
hgarrod95@howstuffworks.com,M,Henrietta Garrod,hgarrod95,rO2?8v|'5
brenehan96@addthis.com,M,Blanca Renehan,brenehan96,jI5~Gz@r>z
aparminter97@altervista.org,M,Alvis Parminter,aparminter97,kH7{bA!Q)g@Mt1k
sambrus98@goo.gl,F,Sidney Ambrus,sambrus98,zT1&>j?KS1WU
ehaythorn99@toplist.cz,M,Earle Haythorn,ehaythorn99,cD8+.uWY~|C{%J
gurpeth9a@skyrock.com,M,Gerick Urpeth,gurpeth9a,fS5+?b4Cc+x#w
laireton9b@bravesites.com,M,Lily Aireton,laireton9b,qW1?wNMGz
bwilliams9c@irs.gov,F,Barclay Williams,bwilliams9c,sE0.JBm}}d1s<
bklimecki9d@ucla.edu,M,Barbara-anne Klimecki,bklimecki9d,qJ4~y'r*d'<zrQd
pconing9e@clickbank.net,F,Pate Coning,pconing9e,gQ0=i(H1H#ye6x
lathow9f@woothemes.com,F,Lizette Athow,lathow9f,qQ0(vBJp
rsmickle9g@thetimes.co.uk,F,Rustin Smickle,rsmickle9g,kO7$Sx=m
mwiper9h@craigslist.org,M,Massimiliano Wiper,mwiper9h,sX3(rSU_8Y$H@
aselvey9i@virginia.edu,F,Angele Selvey,aselvey9i,vT2`2R6THa\//I9B
asherwood9j@hatena.ne.jp,M,Axe Sherwood,asherwood9j,iF9\!J{{+<
rrentoul9k@mapquest.com,F,Ricky Rentoul,rrentoul9k,uT6{pvb.k=W3pP=
edairton9l@senate.gov,F,Ermanno Dairton,edairton9l,eI9!fL$f&wb>T
gburkitt9m@va.gov,F,Gerrilee Burkitt,gburkitt9m,"jK6,W.@#Rki"
bmcgrath9n@jigsy.com,M,Britt McGrath,bmcgrath9n,uZ5%gl<S&qN`P$Tf
lgrute9o@msu.edu,F,Lorianna Grute,lgrute9o,xQ5*/5eLIy0QwrT?
estrase9p@ifeng.com,M,Egbert Strase,estrase9p,mQ6}oziU
fprimak9q@live.com,M,Farand Primak,fprimak9q,jH7__ysqfZlDm8g
goiller9r@washingtonpost.com,F,Grantley Oiller,goiller9r,bC5<n)<A
abenny9s@skyrock.com,F,Ariel Benny,abenny9s,uX5't@oBlv!
hropars9t@delicious.com,M,Honor Ropars,hropars9t,fY6(0=T|GMc
bcroall9u@skyrock.com,F,Burt Croall,bcroall9u,rU3!@pO7pd'GF&K
avuitte9v@netscape.com,F,Aila Vuitte,avuitte9v,yH6'L{oe/
kstallwood9w@npr.org,M,Kare Stallwood,kstallwood9w,"nJ7=""A67>5@qO#Z"
vroblin9x@opensource.org,F,Victor Roblin,vroblin9x,gS6_hp8E<!m!kP*r
lshewsmith9y@dailymotion.com,F,Lura Shewsmith,lshewsmith9y,xH0&`rX8%{Ip
dglazebrook9z@senate.gov,M,Dacie Glazebrook,dglazebrook9z,tV3`FKr?ut|vg\
ebenglea0@howstuffworks.com,F,Emanuele Bengle,ebenglea0,lQ7.T{sWV5K
rvernona1@i2i.jp,F,Rubina Vernon,rvernona1,"zG7|MQt,4?vI~1+R"
rmaccaddiea2@hugedomains.com,F,Rosana Maccaddie,rmaccaddiea2,qO2(ndCzYjDeW`x
dcornessa3@simplemachines.org,M,Darleen Corness,dcornessa3,sR0{4LQuF
ggodballa4@barnesandnoble.com,M,Gertrude Godball,ggodballa4,dY0/NPFq?
gkitchenmana5@netlog.com,F,Glyn Kitchenman,gkitchenmana5,pJ5}tgt|S
krowsela6@bluehost.com,M,Kellie Rowsel,krowsela6,qC6}@Lf'1zreze$
dgyteshama7@dropbox.com,F,Darsie Gytesham,dgyteshama7,"fV2_kzo)),3Tw"
aoverya8@go.com,F,Artemas Overy,aoverya8,mT4$I~Es=Se8od=*
pballeinea9@sphinn.com,F,Perle Balleine,pballeinea9,lL2)(hp(PZ
kmorrisonaa@tripod.com,F,Kennett Morrison,kmorrisonaa,"bA0,o(iCe"
bverrallsab@techcrunch.com,M,Brant Verralls,bverrallsab,"aR5""Lf*P"
lbiscoac@uol.com.br,F,Liesa Bisco,lbiscoac,mY7+EhIejh
cpoolad@live.com,F,Cosetta Pool,cpoolad,lO8=&OW81m2/JAH
evizorae@prnewswire.com,F,Emili Vizor,evizorae,aU8?waYeL
scaldowaf@intel.com,F,Saunders Caldow,scaldowaf,tX6{RV5n_`v(ye>y
roloinnag@nba.com,F,Rowney O'Loinn,roloinnag,dS5?#ii'+V5ECV
dpetchellah@google.it,F,Domenic Petchell,dpetchellah,pR8\|QC)H\9Mj
hdemangelai@nature.com,F,Hubie Demangel,hdemangelai,fI2>i6NP+VtZ6
klinggoodaj@globo.com,M,Kevin Linggood,klinggoodaj,qO4$*cx*
lbiggamak@intel.com,M,Luciana Biggam,lbiggamak,oT1#RHNU
kseysal@storify.com,F,Kristal Seys,kseysal,dT8(sDyCO!qB)}rf
vmackellenam@comsenz.com,F,Vick MacKellen,vmackellenam,"uI9,Xc>NC=I2"
fdunnetan@howstuffworks.com,M,Fernandina Dunnet,fdunnetan,aM7=|KBc$.pG/&Ib
tfrenzelao@phoca.cz,F,Tabbie Frenzel;,tfrenzelao,uC2@!>0ZjRd*H
jvallowap@nyu.edu,F,Jilli Vallow,jvallowap,aD5}Mk*2)lHq~+
mgolightlyaq@flavors.me,F,Moises Golightly,mgolightlyaq,cQ1<XE6+
cdavidovitsar@mapquest.com,M,Colver Davidovits,cdavidovitsar,"cC0`>)k""uZIU3X5p"
ebloisas@senate.gov,M,Eachelle Blois,ebloisas,"gG2+"".&,C_>`3"
mtaftat@vinaora.com,F,Milo Taft,mtaftat,wW4>WYuej#KNKUm
rdroganau@ning.com,M,Reece Drogan,rdroganau,qG9_pBMGNGp%p=FV
briceav@salon.com,M,Bruis Rice,briceav,uT0$_N$J'Q1d.!o
oamayaaw@comsenz.com,M,Oriana Amaya,oamayaaw,oV7@=.ORpTNA
fderobertax@vistaprint.com,F,Fanechka Derobert,fderobertax,"zE0_""JZ7vS1)t#~P"
rmarielay@vimeo.com,M,Roshelle Mariel,rmarielay,dU9/AbPyOP3p
qalliotaz@ft.com,F,Quintin Alliot,qalliotaz,"bN6,0F4>46"
alambirdb0@homestead.com,F,Adelice Lambird,alambirdb0,"kR3'1qyz?bW*_%,g"
muddenb1@etsy.com,M,Morten Udden,muddenb1,dA8?yL}86eG.=m4#
vgilliseb2@mtv.com,M,Vivienne Gillise,vgilliseb2,sF5@y8*K5vo_
jfonzob3@umich.edu,F,Jackie Fonzo,jfonzob3,uT4/kDA2Xg
rstanyforthb4@microsoft.com,F,Radcliffe Stanyforth,rstanyforthb4,lR6|&5$#UD\N\
cbagnellb5@tripod.com,M,Crissy Bagnell,cbagnellb5,tX9!FzQ=
mchengb6@ebay.co.uk,F,Maye Cheng,mchengb6,yV0?Pybu~DcJAxh
mambroziakb7@army.mil,F,Marcela Ambroziak,mambroziakb7,jP4|qV5.E1N.
jluptonb8@aboutads.info,M,Jean Lupton,jluptonb8,fR4?*Ro}>#Oni
ecorteisb9@dyndns.org,F,Eugenio Corteis,ecorteisb9,gI0`UGXXFDn$Ww
oaudleyba@jiathis.com,M,Othilia Audley,oaudleyba,"mL8',DEW_4cW"
sauldsbb@freewebs.com,M,Shepherd Aulds,sauldsbb,vJ3_kF<&
jwallegebc@statcounter.com,M,Jereme Wallege,jwallegebc,yB3\Jm@g$VAu
cgronauerbd@ovh.net,M,Clareta Gronauer,cgronauerbd,rS8.&.3d%fl0G/Q
tvanbe@weather.com,M,Tobe Van Brug,tvanbe,xS1\a%(#
bgoadbiebf@mlb.com,M,Baldwin Goadbie,bgoadbiebf,"xS8&""Mew"
pdunbletonbg@businessweek.com,F,Packston Dunbleton,pdunbletonbg,kZ2.kGBH#<v{Q
nbelhommebh@ucoz.ru,F,Nicky Belhomme,nbelhommebh,vA7{DZUz&m
bmckilroebi@prweb.com,M,Bradley McKilroe,bmckilroebi,nD7/>pqU9Q8\N
pharradencebj@google.es,M,Pepita Harradence,pharradencebj,zL8|qK.~
rstaleybk@ucsd.edu,F,Roxi Staley,rstaleybk,wV9{>fFKE>WVQJ
mbernaertbl@feedburner.com,M,Marge Bernaert,mbernaertbl,gP4)p#42
sbowshirebm@earthlink.net,M,Sasha Bowshire,sbowshirebm,zS9{nWaf#!i3Z>2\
amaybeybn@bandcamp.com,F,Alvie Maybey,amaybeybn,kF2$zZ!M'
vwornerbo@yelp.com,F,Vittoria Worner,vwornerbo,aE8**EyQHah+.
rsherebp@oaic.gov.au,M,Rollie Shere,rsherebp,kG0*{b|QA
ralflatbq@blinklist.com,F,Rolando Alflat,ralflatbq,"lT7/"",Ig1`l)"
dgrzelakbr@economist.com,M,Daniele Grzelak,dgrzelakbr,lP3\x4S8mZbh%
lpovahbs@prweb.com,M,Lidia Povah,lpovahbs,oN8*L8GeU><4X`{
djenceybt@senate.gov,F,Derron Jencey,djenceybt,"zW7~peG1,"
mthursfieldbu@vistaprint.com,F,Marlin Thursfield,mthursfieldbu,dE6_kaV16}=*
vclouttbv@posterous.com,F,Vasili Cloutt,vclouttbv,dP0)0>K*R9np3
rmantripbw@163.com,F,Ransom Mantrip,rmantripbw,dV9|K#T1TX=b8X|
ileathersbx@t.co,F,Issiah Leathers,ileathersbx,xX8.ql&((
valsterby@businessweek.com,F,Veradis Alster,valsterby,fO6_mR{<'*U<O
kmcconnachiebz@reference.com,M,Kendricks McConnachie,kmcconnachiebz,"nA3=K,~?elmBl"
mattenburrowc0@wsj.com,M,Mathilda Attenburrow,mattenburrowc0,"sK1'{$v""vv`lY"
tchastaingc1@tuttocitta.it,F,Theodora Chastaing,tchastaingc1,vV5.'/g<pR|fmG2
gdurganc2@seattletimes.com,M,George Durgan,gdurganc2,zW1`jClFv(u)`Z
asevierc3@stumbleupon.com,M,Ario Sevier,asevierc3,vL1&UZtvvd1~ALo(
mheffyc4@gov.uk,M,Martin Heffy,mheffyc4,tQ5_rH7{<'
gmenichic5@indiatimes.com,M,Gib Menichi,gmenichic5,"oJ2*T!m9Bhu"""
pfarrierc6@vimeo.com,F,Poppy Farrier,pfarrierc6,fD8|J{%f~wom
cshoebothamc7@shop-pro.jp,F,Christiane Shoebotham,cshoebothamc7,mK3|1HZRID4!$gXd
jfrottonc8@theglobeandmail.com,M,Jennette Frotton,jfrottonc8,"qK8!,C/9g$Yz=H8e"
bhebnerc9@epa.gov,M,Birdie Hebner,bhebnerc9,"bJ7,!Kd""D""f4"
dyarmouthca@nyu.edu,M,Duky Yarmouth,dyarmouthca,vW9%\0Sg+PCvn
tsurgoodcb@cyberchimps.com,F,Towney Surgood,tsurgoodcb,bZ6*mQS\LQB}uK
cmontillacc@google.co.uk,M,Cal Montilla,cmontillacc,dW1$a{pBL*{CD)=
echaritycd@reference.com,F,Elisabet Charity,echaritycd,aV7+CNW_Ugvzl
lschinettice@amazon.de,F,Levon Schinetti,lschinettice,vU2>@8C5Ae
jnicklinsoncf@java.com,M,Janeen Nicklinson,jnicklinsoncf,"kT8""b2Y{"
ahothersallcg@wisc.edu,F,Alejoa Hothersall,ahothersallcg,hP2%#hOLOvI}P
amatyjach@smh.com.au,M,Any Matyja,amatyjach,"iH2/bc)XA},=SN"
vsollasci@statcounter.com,M,Veronica Sollas,vsollasci,"sQ8""<&'lL"
pgarzacj@altervista.org,F,Peg Garza,pgarzacj,tC9)a9~4`K
aarterck@usda.gov,M,Annadiane Arter,aarterck,wA1(Cu`Rzq<W%
pmapescl@jimdo.com,F,Pippy Mapes,pmapescl,xV7@+pGh
acloughtoncm@typepad.com,F,Alyss Cloughton,acloughtoncm,"yO8""2aM9E/Ht6u8"
rcatonnetcn@go.com,F,Reinhold Catonnet,rcatonnetcn,hK2>||~U/%SSQ9n
smapowderco@is.gd,M,Simeon Mapowder,smapowderco,mR0\cS)Ts@B0S)P
oeilerscp@mozilla.com,F,Ody Eilers,oeilerscp,fQ0`R?LsQ(*#
mklimashevichcq@ebay.co.uk,F,Maynord Klimashevich,mklimashevichcq,"nP2,Qmlb#U6w)3JE"
mbisoncr@diigo.com,M,Marguerite Bison,mbisoncr,uB3}HEqi$=N1
cattercs@mit.edu,F,Coralyn Atter,cattercs,kF5?.|g|kNR}'I3
myosifovct@tinyurl.com,F,Madeline Yosifov,myosifovct,iU6`1*y9(`A\~rk?
wcahernycu@123-reg.co.uk,F,Wilburt Caherny,wcahernycu,pL8*m@P8
amacgiollacv@comsenz.com,M,Arnie MacGiolla,amacgiollacv,cS8`hZqe1S4*IK
ckyngdoncw@forbes.com,M,Carroll Kyngdon,ckyngdoncw,yX6{EbCgO?\
gswindoncx@imdb.com,M,Granville Swindon,gswindoncx,eR7>ZU%dB
astandagecy@theglobeandmail.com,M,Andria Standage,astandagecy,"iO0""oOX2,9T"
gcourtiercz@people.com.cn,F,Gregoor Courtier,gcourtiercz,"tP8~xOVT~\T,j"
jdaskiewiczd0@mapquest.com,M,Justina Daskiewicz,jdaskiewiczd0,yR4+Gx!Ii
rhatreyd1@cnbc.com,F,Rasla Hatrey,rhatreyd1,"hX8}+>Q,L"
lmcmeekingd2@sciencedaily.com,M,Lucio McMeeking,lmcmeekingd2,uY7#QR3p{lD
edid3@mlb.com,M,Ephrem Di Meo,edid3,"qZ3,#zKfNA"
bspilsburied4@cdc.gov,F,Biron Spilsburie,bspilsburied4,eY7)bskl\+Hgm1F
kgiggied5@cam.ac.uk,M,Kaela Giggie,kgiggied5,kM8#`PsktGOd
cjaggd6@example.com,F,Cyrillus Jagg,cjaggd6,"hY4#NJ,#,"
kmennithorpd7@hud.gov,M,Keen Mennithorp,kmennithorpd7,hE4@*Z1e9
jawtond8@paginegialle.it,F,Jaynell Awton,jawtond8,mZ0&N_WygMG
enaryd9@whitehouse.gov,M,Eleanora Nary,enaryd9,"aG1_WFVH""I"
hscrivenda@microsoft.com,F,Hadria Scriven,hscrivenda,"mA7""OZ9z,"
bwoolpertdb@ftc.gov,F,Bartie Woolpert,bwoolpertdb,cJ0=KuC9Vf{K
aairdsdc@oracle.com,M,Alessandra Airds,aairdsdc,mZ0.PPL34IF@ME
sgadeauxdd@wikispaces.com,M,Stacee Gadeaux,sgadeauxdd,aY0!=i0OW)
merdelyde@cpanel.net,M,Maryellen Erdely,merdelyde,lS2@c+#5%f{
smcglauddf@google.com.hk,M,Saudra McGlaud,smcglauddf,"tI6""dtqES)(jt"
apuddiferdg@stanford.edu,F,Abrahan Puddifer,apuddiferdg,"jM8<""t1A9"""
tmartugindh@hostgator.com,F,Trudie Martugin,tmartugindh,rN8`XWa0ODaQ*
epartenerdi@admin.ch,F,Evangelin Partener,epartenerdi,hP6`5Z6w#w&6`
jtokedj@bloomberg.com,F,Jerrilyn Toke,jtokedj,iV4#u3tTb/
ahumdk@ox.ac.uk,M,Annalise Hum,ahumdk,aT3@Tg8_ZyyTK<
rradmoredl@nifty.com,F,Reginald Radmore,rradmoredl,hU4_D.kz1bPfX?
dgrenehamdm@theglobeandmail.com,M,Dorene Greneham,dgrenehamdm,qK9?C1~8p5
hlogesdaledn@diigo.com,F,Hally Logesdale,hlogesdaledn,"zA6)""8ZjRl|L|s"
vdoghartiedo@who.int,F,Vyky Doghartie,vdoghartiedo,uY5?Z0G</lQllpR
rthawdp@vk.com,F,Rikki Thaw,rthawdp,qF1>wcO+9
sfairholmdq@surveymonkey.com,M,Shandee Fairholm,sfairholmdq,dA5=at8!/a9~yZ
ggoodereddr@sphinn.com,M,Garreth Goodered,ggoodereddr,"xZ4""SHi6pn"
easkends@merriam-webster.com,M,Emlynn Asken,easkends,gB6!cC!zWLHnL
valpdt@sohu.com,F,Vinny Alp,valpdt,yW2@~U0wH
cgundrydu@businessinsider.com,F,Claudius Gundry,cgundrydu,rU9+K8(0i
sdorneydv@mediafire.com,F,Starlin Dorney,sdorneydv,cR2=G&#KT
gargentdw@moonfruit.com,M,Garrik Argent,gargentdw,wE3}CC}</o\`r`j_
asemarkdx@pen.io,M,Aidan Semark,asemarkdx,yM2?eQ9)jv{}sq
nsharvelldy@squarespace.com,F,Nanice Sharvell,nsharvelldy,eF9@!W<}2Ym
lbootmandz@cloudflare.com,F,Liane Bootman,lbootmandz,hP3#EW(IuEj#QI
emcartane0@squidoo.com,M,Ekaterina McArtan,emcartane0,tR8'.~Jl
lphetteplacee1@delicious.com,M,Lida Phetteplace,lphetteplacee1,"xT6|BK?J""`<ig6"
ttailbye2@4shared.com,F,Trip Tailby,ttailbye2,gE2#$&0ah2
cavrashine3@twitpic.com,F,Carolan Avrashin,cavrashine3,nW8>)K7HD
mnonie4@eventbrite.com,M,Millisent Noni,mnonie4,iZ7=n/`zM9FK
prankmoree5@theguardian.com,M,Petunia Rankmore,prankmoree5,oQ8#/>D3
lwheadone6@e-recht24.de,F,Lurette Wheadon,lwheadone6,nW8>>YK@8#n!
gdeyenhardte7@bigcartel.com,F,Griffy Deyenhardt,gdeyenhardte7,sJ6(IuhT'x4NcRd.
imulqueene8@mit.edu,F,Immanuel Mulqueen,imulqueene8,hJ3_MdE!%s
khaldenbye9@upenn.edu,M,Kip Haldenby,khaldenbye9,"cE8}=""5|Jzq"
dmackiewiczea@wordpress.com,M,Darbie Mackiewicz,dmackiewiczea,hA5>YJKlS
gkitchingmaneb@weather.com,F,Garnet Kitchingman,gkitchingmaneb,hR8|984d5L'U&udY
nhubbocksec@wsj.com,F,Nels Hubbocks,nhubbocksec,bE6~b|hkvtn|+QY
tbalased@oakley.com,M,Tades Balas,tbalased,hP8`m2gy
ekirtlanee@washington.edu,F,Earl Kirtlan,ekirtlanee,"iH3""D""UX/XgROp"
elillistoneef@sina.com.cn,M,Elka Lillistone,elillistoneef,wQ0\Qh=Udd
vfarebrothereg@walmart.com,F,Vikki Farebrother,vfarebrothereg,xR7}m4y4(0W$}d
beggleeh@msu.edu,M,Brock Eggle,beggleeh,iN4+PagVUq
terdisei@shareasale.com,F,Travus Erdis,terdisei,iT3@C4{AS%'XM*Kc
nyorstonej@disqus.com,M,Noemi Yorston,nyorstonej,uV9#+&)bg{IL'UGw
nchesselek@theguardian.com,F,Nester Chessel,nchesselek,gH8?MpLG|V1N
cfayersel@npr.org,F,Candida Fayers,cfayersel,jZ9%@=KCiqP#CBkn
hspiringem@live.com,M,Henrie Spiring,hspiringem,zK8&pwLxK%oJx
lbackhursten@wikipedia.org,M,Lydon Backhurst,lbackhursten,"jC4@l2Wee?Z"""
rhinrichseo@so-net.ne.jp,M,Richmound Hinrichs,rhinrichseo,pE1%z&D~/WKr
eeskriggeep@bluehost.com,M,Enriqueta Eskrigge,eeskriggeep,"uK2#zrx>?vaP,_TW"
aornelaseq@springer.com,M,Arabele Ornelas,aornelaseq,"iN0.O?PrbhK,"
mshearmurer@last.fm,M,Mame Shearmur,mshearmurer,lN5)E@S~J
hgundaes@ox.ac.uk,M,Haily Gunda,hgundaes,zV3??Q)|hLY'
wautherset@nyu.edu,F,Wilfred Authers,wautherset,sY8*|*oz>!{m/=AL
cgeraldieu@eepurl.com,F,Calley Geraldi,cgeraldieu,"wN5&A'bli1iA4,"
nbilovusev@kickstarter.com,F,Nataline Bilovus,nbilovusev,cS6@t}<d
mtasselerew@scientificamerican.com,F,Merwyn Tasseler,mtasselerew,aB2.9lU$dujkpCyJ
abrighteyex@biglobe.ne.jp,F,Ade Brightey,abrighteyex,pV9*()A&
rbanasikey@furl.net,F,Ricki Banasik,rbanasikey,rG3'&9&PPV|}W~VZ
eblazicez@php.net,M,Elmer Blazic,eblazicez,yH0_}n.)X$r
mcolterf0@tripod.com,M,Marthena Colter,mcolterf0,nV2'vjES`j&
aperrenf1@issuu.com,M,Alexa Perren,aperrenf1,iA6@!Tu?
lpinnigarf2@nationalgeographic.com,F,Land Pinnigar,lpinnigarf2,sW9+e23s<G3b%l
hkempstonef3@aol.com,F,Hirsch Kempstone,hkempstonef3,zG7{XFK\CiI
ahurticf4@eepurl.com,F,Adam Hurtic,ahurticf4,xR7!Dwzq/!
ybiggansf5@slate.com,F,Yehudi Biggans,ybiggansf5,uW8@CmMLp
jhubbinsf6@wordpress.com,F,Jonis Hubbins,jhubbinsf6,dE4${2<>feJfl@
cthorneleyf7@tinyurl.com,M,Camella Thorneley,cthorneleyf7,zY7.8VnrS$
tmacknishf8@cmu.edu,F,Trenna Macknish,tmacknishf8,"jE3?\d4{pU,m}1"
mvasyutinf9@columbia.edu,F,Monica Vasyutin,mvasyutinf9,"tR7,&lSQ(y"
bprowsefa@trellian.com,M,Byrle Prowse,bprowsefa,pD8.uFz*}IxR\`mf
asprigingsfb@addtoany.com,M,Adrian Sprigings,asprigingsfb,uU1=|u'#XFr7Rk||
ivlasinfc@quantcast.com,M,Isacco Vlasin,ivlasinfc,wE4'e&/vD\(1I9
fworrellfd@irs.gov,F,Fleming Worrell,fworrellfd,sK7#X$NmlZ447Qh
jjoshfe@diigo.com,M,Jules Josh,jjoshfe,wC1~A2Pl+?~Qr'd5
dlomaxff@studiopress.com,F,Donny Lomax,dlomaxff,"wO3+&""93\k<j"
btchirfg@example.com,F,Bartholomeus Tchir,btchirfg,gZ8+$`dUBdA1?A
wgellionfh@ycombinator.com,M,Wylma Gellion,wgellionfh,iV0$C@MzbXajGo3*
djosephsonfi@twitter.com,M,Doy Josephson,djosephsonfi,eG1<k<%mUw
pdearyfj@w3.org,M,Paulita Deary,pdearyfj,"kR0=eCkDL4x""N=sU"
okeverenfk@pcworld.com,F,Olivette Keveren,okeverenfk,tK7)?tF7*V*L5(#
mwhinrayfl@cafepress.com,F,Minna Whinray,mwhinrayfl,cC8@@D'{DuLFjt
aargonttfm@infoseek.co.jp,F,Arlee Argontt,aargonttfm,"sC1=@PW4"""
npratchettfn@cmu.edu,M,Nydia Pratchett,npratchettfn,cC0@Df72bpb'h3
sgammackfo@mediafire.com,F,Sauveur Gammack,sgammackfo,cG0@4Hd>!EC
ejurkowskifp@hostgator.com,F,Ezechiel Jurkowski,ejurkowskifp,mS3%9BV{9u6Ui8
hsheldrickfq@1688.com,F,Hubie Sheldrick,hsheldrickfq,"oZ6`oT,4L"
mhounsomfr@vkontakte.ru,F,Maryellen Hounsom,mhounsomfr,hI0#f1aIvSMS%XEs
dgrandinfs@gizmodo.com,M,Dillie Grandin,dgrandinfs,"iQ4),hqC"
tholhouseft@abc.net.au,M,Tamiko Holhouse,tholhouseft,"xR3'*?J),PF5"
sofu@ihg.com,M,Sibyl O' Hern,sofu,"kP4~e|`m""v<Xb"""
mivanchenkovfv@wikispaces.com,F,Melodie Ivanchenkov,mivanchenkovfv,cI7\'ScZeS
mclemitsfw@wiley.com,F,Miller Clemits,mclemitsfw,oK6)@xx=Fp{U6
hlacerfx@chron.com,F,Hurley Lacer,hlacerfx,cQ4@TAVYIg@t'
ymottramfy@parallels.com,F,Ynes Mottram,ymottramfy,vX6~%p~NT/f
blubyfz@networkadvertising.org,F,Bryant Luby,blubyfz,tL3*mzH4'g
drotherag0@independent.co.uk,M,Dalia Rothera,drotherag0,"oG9)""lRs1Zb?mkG"
dpashbag1@themeforest.net,M,Daphene Pashba,dpashbag1,rN0.gOUl96
smorfieldg2@infoseek.co.jp,M,Sasha Morfield,smorfieldg2,"xP5""KNKc2}c/?B"
jboxhillg3@technorati.com,M,Jody Boxhill,jboxhillg3,"kF2>%mE|""ih<s""*u"
mnysg4@mashable.com,M,Mora Nys,mnysg4,sA8|zf1AXU
rgrogonog5@desdev.cn,F,Rois Grogono,rgrogonog5,oF1<vWbt.8
mpinnijarg6@disqus.com,F,Mark Pinnijar,mpinnijarg6,"lF9,<lg5j8gt"
hmahyg7@drupal.org,M,Hermie Mahy,hmahyg7,aX3=D+A6dR
tparcallg8@aboutads.info,M,Tomkin Parcall,tparcallg8,dZ5@*3)|\'N4+h
mglasgowg9@discovery.com,M,Marshall Glasgow,mglasgowg9,"rS0)~Rn$p*85,kJ`"
jmateikoga@loc.gov,M,Jinny Mateiko,jmateikoga,gX4!W!>0N
afiggergb@narod.ru,F,Amie Figger,afiggergb,"yN1{9'YM,DZ"
cbroszkiewiczgc@weather.com,M,Clareta Broszkiewicz,cbroszkiewiczgc,aG4=/YQz
apoultneygd@yandex.ru,M,Alfonso Poultney,apoultneygd,aT4=@6Q\a+AXRf
sclellege@google.fr,M,Say Clelle,sclellege,cN2'kwiKD/4jQ
mgergegf@wiley.com,M,Montgomery Gerge,mgergegf,"eQ1)""4'oTC*di"
brousellgg@multiply.com,M,Bertha Rousell,brousellgg,"kC6$}9p84""rI"
ebottlestonegh@independent.co.uk,M,Essy Bottlestone,ebottlestonegh,yA1+rS=hj9t
rsiwardgi@ocn.ne.jp,F,Rubia Siward,rsiwardgi,rM6'aML>JR=u6$f
achasengj@state.gov,M,Ashla Chasen,achasengj,xA6*T!JnP+UQzVq
vniemiecgk@reverbnation.com,F,Veriee Niemiec,vniemiecgk,lQ1=py3iCRR
daldertongl@google.com.hk,F,Dawn Alderton,daldertongl,"bL6=CmC/fzbrV,n"
udavidgegm@meetup.com,M,Urbanus Davidge,udavidgegm,tD5}XMv2
cgaishgn@ning.com,M,Cameron Gaish,cgaishgn,"yI6&09,OB2"
kkolakowskigo@patch.com,F,Kiel Kolakowski,kkolakowskigo,"xC0""+bNY5USQMz3#"
mbellringergp@bigcartel.com,F,Maurise Bellringer,mbellringergp,cO6.8G|q.hMa
dgoodyergq@free.fr,F,Derrik Goodyer,dgoodyergq,qS8(i?co
abaggarleygr@privacy.gov.au,F,Aurie Baggarley,abaggarleygr,"oF2""GUODB"
dbrackstonegs@w3.org,M,Darrin Brackstone,dbrackstonegs,"fS1,$8ij"
lminardsgt@slate.com,M,Lainey Minards,lminardsgt,dU1&@@\wYP?3guT
msandyfordgu@reverbnation.com,M,Merry Sandyford,msandyfordgu,"lX0,heK&Bvn/C"
mfidiangv@sohu.com,M,Maryl Fidian,mfidiangv,"mK1%=kphme~""""V9n"
krambadtgw@huffingtonpost.com,M,Kamillah Rambadt,krambadtgw,dW4+*9{WM2jX
hdevilgx@jalbum.net,F,Harman Devil,hdevilgx,vO7.}LJOw
cdamantgy@live.com,M,Cosimo Damant,cdamantgy,zD1'UHQo8
epagelgz@economist.com,F,Elsy Pagel,epagelgz,wI0@t_e\tGB_
emarringtonh0@admin.ch,F,Erin Marrington,emarringtonh0,zO8?@!%&@9.bh@U
hgaskerh1@washington.edu,F,Huberto Gasker,hgaskerh1,mM4@~.5sn~fLtR`R
mboylandh2@nature.com,M,Malvina Boyland,mboylandh2,lO1#%sEI4v
kchilleyh3@jigsy.com,M,Kile Chilley,kchilleyh3,tM9=REGdp
vlodewickh4@sohu.com,F,Victoir Lodewick,vlodewickh4,"xI4<&FUx?r/yv,ZU"
apostonh5@histats.com,F,Allegra Poston,apostonh5,kE5<|\7A=
holubyh6@moonfruit.com,M,Hannah O'Luby,holubyh6,mH4#V/Ed8I0jK1LB
uskacelh7@e-recht24.de,M,Ula Skacel,uskacelh7,"wW5~K<fZ{""(!?%"
lmorrelh8@marriott.com,M,Lambert Morrel,lmorrelh8,"oR8""#$ZF26dYNuys"
pseemmondsh9@lycos.com,M,Perceval Seemmonds,pseemmondsh9,yM6_9SGol2~naO!
tklinerha@hc360.com,M,Todd Kliner,tklinerha,wZ9'7$z>
mlowershb@cpanel.net,F,Matelda Lowers,mlowershb,cE5=z}P4
fgregersenhc@usatoday.com,F,Fonzie Gregersen,fgregersenhc,lA3%x$k@.3Nx
klambarthd@woothemes.com,M,Karon Lambart,klambarthd,pU0_w*>mu7H
cfonsohe@wordpress.org,F,Claire Fonso,cfonsohe,hG3)3oNr6(%
faltofthf@clickbank.net,M,Fanechka Altoft,faltofthf,rQ8~J=`eF!&T~5Lo
rlemeryhg@xing.com,F,Rosemary Lemery,rlemeryhg,eP7%oe`s8E=>v0}t
dwoollonshh@wikipedia.org,M,Donnie Woollons,dwoollonshh,"zQ2(""Qx8z6W"
abuddlehi@dyndns.org,F,Aura Buddle,abuddlehi,wP9_'+GvfLu{sJ
gnorcotthj@quantcast.com,F,Gusella Norcott,gnorcotthj,kD0?_%njiV&
thelversenhk@cyberchimps.com,F,Terza Helversen,thelversenhk,cO4!sB)B$|Rf+
azoephelhl@weather.com,F,Abran Zoephel,azoephelhl,aA5_|.5mz
mlorenchm@sina.com.cn,M,Mike Lorenc,mlorenchm,yI8#iJV5MP}W\O
lludehn@mediafire.com,M,Lotta Lude,lludehn,eL5!So/HA
dpageho@rakuten.co.jp,M,Danny Page,dpageho,bB6}(D(Qh
pemmanuelihp@pinterest.com,F,Patric Emmanueli,pemmanuelihp,"iI8#4{306!P9,\IN"
sworshamhq@cafepress.com,F,Sinclare Worsham,sworshamhq,"bQ5,tG15_t{"
bcusshr@ftc.gov,F,Bearnard Cuss,bcusshr,eB1*UpLsPzZt7d6
cingredahs@nymag.com,F,Clay Ingreda,cingredahs,"kJ4}rgps,!t9cju"
wrosenscheinht@163.com,F,Waverly Rosenschein,wrosenscheinht,aO2$GNuwAqmp&j+
twillimenthu@canalblog.com,M,Tim Williment,twillimenthu,"nL9'j_QS|Y,}&0e$"
dbreakeyhv@yelp.com,F,Dayle Breakey,dbreakeyhv,lV3$E>jY0#2G
mallansonhw@techcrunch.com,F,Marylee Allanson,mallansonhw,xC9_*Y$b7bjY&~c_
sgarrithx@hao123.com,F,Sandi Garrit,sgarrithx,zA9>/pn{~_t{
ccurriehy@time.com,F,Clementia Currie,ccurriehy,oL2'%Ds(
asnowdinghz@google.co.jp,F,Ame Snowding,asnowdinghz,zL4(.8CNoFFrL`L
jstuchburyi0@ameblo.jp,M,Juanita Stuchbury,jstuchburyi0,aE6!+\06<h
msydryi1@ameblo.jp,M,Marena Sydry,msydryi1,cC2$GLwK5NW&\
dfiddymonti2@youku.com,M,Daria Fiddymont,dfiddymonti2,uH2=K)`Ux
eavrahamofi3@yelp.com,M,Erika Avrahamof,eavrahamofi3,lR0'A\yR>
ptrillowi4@g.co,M,Pepito Trillow,ptrillowi4,nY7*Fb5S}_
btuttoni5@4shared.com,F,Brewer Tutton,btuttoni5,dR5\pn1#l
mthridgouldi6@exblog.jp,F,Minni Thridgould,mthridgouldi6,dO7*6pLa
gchurchousei7@unesco.org,F,Giuditta Churchouse,gchurchousei7,"jJ4,vH35Z|*+\3~"
jgoodei8@cbsnews.com,F,Jordon Goode,jgoodei8,wT6~%J&?
jmyhilli9@dailymail.co.uk,M,Jaynell Myhill,jmyhilli9,tB1)~sOBKRI+kB%
lwilseia@angelfire.com,F,Leanna Wilse,lwilseia,"lQ8\j_6IZ&|LO)""d"
ldayesib@indiegogo.com,F,Lorianne Dayes,ldayesib,vA1&2gYUG%!
gboikic@cyberchimps.com,F,Gaby Boik,gboikic,nC5#s0k~
jvaillantid@army.mil,M,Janeczka Vaillant,jvaillantid,bP6|q7{&`l@ZCop
odexterie@senate.gov,F,Ora Dexter,odexterie,xY5'2QQr4_{(zMc
sbecksonif@jiathis.com,M,Starr Beckson,sbecksonif,kT9/SBHWpy2Wg0*$
jblakelockig@nasa.gov,M,Jillane Blakelock,jblakelockig,"iK2""cM}8`o>qW.o?"
cscolesih@salon.com,F,Charmion Scoles,cscolesih,nH6$(&)b*5'0/c
wmetterickeii@webnode.com,F,Walsh Mettericke,wmetterickeii,lH3+vPRjZ(.4J
hbeirneij@cmu.edu,F,Harp Beirne,hbeirneij,oC0#P{khy
laldrichik@flickr.com,M,Lisbeth Aldrich,laldrichik,nA4{UC}C>4qFXs
cpopplestoneil@amazon.co.jp,F,Christophe Popplestone,cpopplestoneil,rB4(pg3/A7DSyH
sellitim@umn.edu,F,Shauna Ellit,sellitim,nO0+0XcoPc!ftsaa
farrin@hao123.com,F,Franzen Arr,farrin,zV1/JI2A!_M)DG9y
kconibeario@about.com,M,Kayne Conibear,kconibeario,"kM0,@|\+EJpb"
rtzarkovip@fc2.com,F,Rosalinda Tzarkov,rtzarkovip,"rW2,1&q`'g""DU'${"
hgoodlipiq@nbcnews.com,F,Harriet Goodlip,hgoodlipiq,vI1|9!=B${sG=
gmockfordir@pbs.org,F,Goddard Mockford,gmockfordir,yS0.OjJ1j
chearthfieldis@about.com,M,Cornie Hearthfield,chearthfieldis,cK0((gT}2A
egilloolyit@patch.com,M,Emmi Gillooly,egilloolyit,"mI3*JrFyc""p.A"
smcwhinnieiu@home.pl,F,Sloan Mcwhinnie,smcwhinnieiu,mR4!csq>
svalintineiv@infoseek.co.jp,M,Stanwood Valintine,svalintineiv,uR7=#DPo3OES)k
asissotiw@fema.gov,F,Arlyn Sissot,asissotiw,vM5>RS(nd=CG6
cfeathersix@weather.com,F,Chastity Feathers,cfeathersix,fW5+=K.W
lburderiy@usatoday.com,F,Leora Burder,lburderiy,xX7}uF5$9&V
wmaddrelliz@discuz.net,M,Washington Maddrell,wmaddrelliz,cE3*.|d69$
fnuttenj0@gov.uk,M,Frederico Nutten,fnuttenj0,yC1%.r.u$v5+
woverpoolj1@domainmarket.com,F,Wallie Overpool,woverpoolj1,dK6#n%TH_9
kvolantej2@stanford.edu,F,Kendricks Volante,kvolantej2,aD2$6}<5?6.9N*C
tfeaveryearj3@youtube.com,F,Thaddeus Feaveryear,tfeaveryearj3,aG4)?{E&O(
fcoveyj4@telegraph.co.uk,M,Faustine Covey,fcoveyj4,"hT0,mO7S9JoxtM*i"
syearnj5@wix.com,F,Sephira Yearn,syearnj5,"jR5=`O7,"
rsteptowj6@nifty.com,M,Regen Steptow,rsteptowj6,dZ5}fy(#3(GAn
acasesj7@nifty.com,F,Adriaens Cases,acasesj7,fK9._G+/
bduddinj8@zimbio.com,M,Babbie Duddin,bduddinj8,"nQ2@v,~%A$!E"
nwalworthj9@php.net,M,Noni Walworth,nwalworthj9,"vC7,QZmpwqsH"
kmuffordja@jimdo.com,M,Kandace Mufford,kmuffordja,"jG8,UH6U{(xcnJ'U"
syoxalljb@earthlink.net,F,Starlin Yoxall,syoxalljb,sJ8_O%)0?+7
gmaciejakjc@amazon.com,F,Grange Maciejak,gmaciejakjc,uI5`WL}x
igryglewskijd@goo.gl,M,Ilsa Gryglewski,igryglewskijd,pK8+`D+E{J
gbollamje@jigsy.com,M,Granville Bollam,gbollamje,hI2>cxdD
aalpesjf@vinaora.com,F,Andre Alpes,aalpesjf,gH3<}TwfS#RApHk{
lsainsburybrownjg@meetup.com,M,Laura Sainsbury-Brown,lsainsburybrownjg,uT0*=BNx)m
rskrzynskijh@rediff.com,M,Roxanna Skrzynski,rskrzynskijh,"mC7}>""1ip"
jkrystekji@ft.com,F,Julianne Krystek,jkrystekji,cD4*qp$O\LVB&/
rmaclurejj@wunderground.com,F,Rufe MacLure,rmaclurejj,"sB3}9mSpkkl)""O`Z"
sbarentsjk@amazon.co.uk,F,Shellie Barents,sbarentsjk,oK3|8C+!ya%Lnj5(
dogdahljl@mapquest.com,M,Daffie Ogdahl,dogdahljl,"wK1""jwI=!\fFIomn"
gviolletjm@live.com,M,Gina Viollet,gviolletjm,hX2`1Iy<Jk
xroyaljn@rambler.ru,M,Xena Royal,xroyaljn,uI1')ZS)>jYrY
cslinejo@mlb.com,F,Caitrin Sline,cslinejo,"xN7!?oE3RSGiK!>"""
aromerajp@yelp.com,F,Augustus Romera,aromerajp,aI8(RUAWQx>dOe
hdesesquellejq@engadget.com,M,Hew Desesquelle,hdesesquellejq,jX9?XNz9boTK
blillistonejr@example.com,M,Bobina Lillistone,blillistonejr,fS0)ZR1XC+
lhaglintonjs@edublogs.org,M,Linus Haglinton,lhaglintonjs,bP3)*UoSrE&J4%Oz
ddonetjt@flickr.com,M,Dacie Donet,ddonetjt,sH8@Ug?n*M(jR
kbridsonju@weather.com,F,Kent Bridson,kbridsonju,qK5_fmmW
ejurisicjv@yellowbook.com,M,Ewart Jurisic,ejurisicjv,uA6+rgnO{.'}rh+0
kcorderyjw@live.com,M,Kalvin Cordery,kcorderyjw,lJ7}8rgXS$#WjO
hbradburyjx@mac.com,M,Hayley Bradbury,hbradburyjx,sN6{9y?/(G*+Ts}
sborboroughjy@themeforest.net,F,Sherman Borborough,sborboroughjy,"zX4}I{,i?~"
kohengertyjz@etsy.com,M,Karol O'Hengerty,kohengertyjz,sR4$)PkJABER
kbeekmannk0@examiner.com,M,Kitti Beekmann,kbeekmannk0,aW0@3y@<Xs*Fa&}g
bbeesleyk1@lulu.com,F,Berrie Beesley,bbeesleyk1,jN7|o*.=H{#k
acoursek2@drupal.org,M,Anita Course,acoursek2,dC4\P6c~/xn@Kbs
ljoubertk3@princeton.edu,F,Luciano Joubert,ljoubertk3,lV8_~4mB8$
cmulberyk4@youku.com,M,Chrotoem Mulbery,cmulberyk4,"dM0""VLA_"
jmolek5@pagesperso-orange.fr,F,Janis Mole,jmolek5,qW3#}.3>
jcallerk6@de.vu,M,Jakob Caller,jcallerk6,yX1!~yd(Ix1eV
imandifieldk7@si.edu,M,Inglis Mandifield,imandifieldk7,yK6`=ZK|OU`
ghunsworthk8@issuu.com,F,Gael Hunsworth,ghunsworthk8,xS2~$%=z2}
lcollynsk9@yelp.com,M,Larine Collyns,lcollynsk9,qE7'4y\0
cafieldka@google.com.br,F,Corenda A'field,cafieldka,xO6>sjG\sIAT$e
mcornthwaitekb@technorati.com,M,Meggi Cornthwaite,mcornthwaitekb,"tI4\<Z|ntOYQ""*XI"
nantonichkc@spiegel.de,M,Nataniel Antonich,nantonichkc,cT5~i=1cQQSOf
lnisbithkd@guardian.co.uk,M,Lorri Nisbith,lnisbithkd,"dD1{""W}@4wQQ"
tsangrake@shutterfly.com,M,Tamera Sangra,tsangrake,qB5`V8&LB
dfancuttkf@accuweather.com,M,Darwin Fancutt,dfancuttkf,pZ3\q1mAh7rr3y}
ebasilonekg@eepurl.com,F,Ellette Basilone,ebasilonekg,bE5)BqqYR@nA
hcheakekh@sitemeter.com,F,Henka Cheake,hcheakekh,cV5<C#?k0{GbP
hwortmanki@businesswire.com,F,Haley Wortman,hwortmanki,gF4`QXx~xe8I?
mstebbingkj@wordpress.org,F,Madel Stebbing,mstebbingkj,uV4{ipr$
cblaisdellkk@ask.com,M,Clyve Blaisdell,cblaisdellkk,jQ3)5IUsHWYACC(
bpinnionkl@quantcast.com,F,Brittan Pinnion,bpinnionkl,iW7\/exg&Q\@p
bfleykm@princeton.edu,F,Blakelee Fley,bfleykm,"jA2*=s+uk""3"
mlantuffkn@hatena.ne.jp,F,Muffin Lantuff,mlantuffkn,cK5){e&lJXqAY
dseresko@howstuffworks.com,F,Dyan Seres,dseresko,"aZ0""b!Kt_>g"
ahadfieldkp@gov.uk,F,Agosto Hadfield,ahadfieldkp,"oC1.n7C4,zdM20"
cbackwellkq@europa.eu,M,Clarice Backwell,cbackwellkq,aN0(yGTd}N!NM_}
jfarquarsonkr@ovh.net,F,Jackson Farquarson,jfarquarsonkr,"kU6""6""?4fa%`"
scheyneyks@hhs.gov,F,Sam Cheyney,scheyneyks,cF3.jeVjdO.Cv@k
seringeykt@dyndns.org,F,Steffane Eringey,seringeykt,fV4{6pU9?C
qhillumku@army.mil,M,Quincy Hillum,qhillumku,"kN2""~E\Mwhr@s}7"
cgartsydekv@fema.gov,M,Catina Gartsyde,cgartsydekv,"nZ7_z""'RLt0sI>d"
fkirlinkw@yale.edu,F,Florrie Kirlin,fkirlinkw,yC1~(P%7n}v59#!
ecourtneykx@trellian.com,M,Elvis Courtney,ecourtneykx,sG4.nGl<_NX7Zr5+
dchomiszewskiky@dedecms.com,M,Dona Chomiszewski,dchomiszewskiky,cC9.}w%ssPHha#lR
gmattinsonkz@alibaba.com,M,Guenna Mattinson,gmattinsonkz,tV9*aCg0
dbarbosal0@archive.org,M,Dolli Barbosa,dbarbosal0,rS9{vwJ`MTt7j4
kclossl1@alexa.com,F,Kelly Closs,kclossl1,oV9)3@CwyM
gburgynl2@slate.com,M,Garvy Burgyn,gburgynl2,"sO2,'i@T(w%bm"
scarneckl3@hostgator.com,M,Sibby Carneck,scarneckl3,uD1/(aq.
nshorel4@istockphoto.com,M,Nari Shore,nshorel4,jT4+x6g1j@.2Nd4
kviversl5@google.com.au,F,Kamila Vivers,kviversl5,"mC8>)v%i'dO""wy"
dmcqueenl6@hud.gov,M,Duffy McQueen,dmcqueenl6,"fH3,,cwO|g&qv"
smarial7@ted.com,M,Sayre Maria,smarial7,"yZ4<hY=G,N&jB"
agiraldol8@tumblr.com,F,Anselm Giraldo,agiraldol8,"rI5""U3)49)OA="
vleppol9@icq.com,M,Vonni Leppo,vleppol9,"yY0,Cz'yKe5VNi{Z"
etruderla@fda.gov,F,Esra Truder,etruderla,"aE9.R""r`Kj&WaSX"
llamberthlb@statcounter.com,M,Lauritz Lamberth,llamberthlb,"iV5""lB*HU9"
kwarrelc@rediff.com,M,Kerwin Warre,kwarrelc,nR9#yd!#
csawdenld@who.int,M,Cheston Sawden,csawdenld,rQ0%Wk(C`|p
tfewlassle@about.me,F,Tybalt Fewlass,tfewlassle,pE1=Y/1Ku'C7S
klonghornelf@studiopress.com,F,Krystalle Longhorne,klonghornelf,fG3$<BJ=Og>juhm'
dhickenbottomlg@netvibes.com,M,Dawn Hickenbottom,dhickenbottomlg,cH1(_%~DWNPtY/Y!
jbouleslh@baidu.com,F,Jana Boules,jbouleslh,"lI8=v/Rz|,O~j'm7"
lgathli@seesaa.net,F,Lucais Gath,lgathli,vM7&g(T'=D&O
lblantlj@studiopress.com,M,Lyell Blant,lblantlj,"oY2&0s}=K,.PP"
kpiperleylk@sun.com,F,Kaia Piperley,kpiperleylk,"hD3`l(#v""!|'"
mshermanll@dropbox.com,M,Mersey Sherman,mshermanll,uO8/l}F'K=&B
cbiddlestonelm@umn.edu,F,Candace Biddlestone,cbiddlestonelm,qT8+z_+9`g
cboottonln@yandex.ru,F,Cinderella Bootton,cboottonln,iL8\)NQ'kY!
owilkeslo@bizjournals.com,F,Orelee Wilkes,owilkeslo,"rO6,|@!k8'MOA+?"
dhalfheadlp@sbwire.com,F,Dynah Halfhead,dhalfheadlp,"pM4\~Y1PJ,o>XD"
hbloselq@exblog.jp,F,Haven Blose,hbloselq,uK9}?zL$hDRP
gisherwoodlr@google.it,F,Gladys Isherwood,gisherwoodlr,"fR2|~&&,`"
ccayleyls@angelfire.com,F,Carley Cayley,ccayleyls,xY4@HG`x{j!
cprisleylt@theatlantic.com,M,Cassie Prisley,cprisleylt,vI6.ZBjgAO
gnewmanlu@sitemeter.com,M,Giffie Newman,gnewmanlu,lK8)DMP=T_k5.
bvenmorelv@hibu.com,M,Benita Venmore,bvenmorelv,"aE9+{X9zA=Nv?UU,"
jlewardlw@scientificamerican.com,M,Justino Leward,jlewardlw,mD1*i)OhWy~o
gbromigelx@newyorker.com,F,Gwendolin Bromige,gbromigelx,eQ6}kV_x.
mbrindly@acquirethisname.com,F,Meggie Brind,mbrindly,"eA5?{A\2nE+p,"
eganinglz@thetimes.co.uk,M,Eileen Ganing,eganinglz,pG7\PJl7)r!4
plomenm0@google.cn,M,Pansy Lomen,plomenm0,gJ2?WuF`vjI_'z<o
eecklym1@gravatar.com,F,Elke Eckly,eecklym1,"rQ5}$c$""D+"
gandresm2@creativecommons.org,M,Gothart Andres,gandresm2,rV1}0PqaB=
pfarbrotherm3@blogspot.com,F,Peggi Farbrother,pfarbrotherm3,oI2!Q'{MlQ0f
bfinicjm4@newyorker.com,M,Braden Finicj,bfinicjm4,kH0|dBOPHM#CSp
csyderm5@trellian.com,M,Carolann Syder,csyderm5,sB4!LQv!$N
lelloitm6@smugmug.com,F,Leo Elloit,lelloitm6,iH6+`LeL_KRXeq9G
jshapcottm7@domainmarket.com,F,Joelle Shapcott,jshapcottm7,bI2*Ga=$kMzE
gebbersm8@xinhuanet.com,F,Gardener Ebbers,gebbersm8,cJ6%9Ah{vn=jv
kortam9@reuters.com,F,Kacie Orta,kortam9,wI6_KpGv
rglanisterma@tumblr.com,F,Rozanne Glanister,rglanisterma,qQ0(KR>Vzy
gmattheissenmb@baidu.com,M,Gerda Mattheissen,gmattheissenmb,aM2{GA$hbNeb
bjacopmc@wikia.com,F,Bastien Jacop,bjacopmc,"cU1`.K_tsSc,"
lbeebemd@blogspot.com,M,Loraine Beebe,lbeebemd,"vS7(F|f,GUc4eAX"
aharteganme@adobe.com,M,Anet Hartegan,aharteganme,zN1!Nkwa
lvaneevmf@go.com,M,Lorelle Vaneev,lvaneevmf,jR5?6EomVe)avXV
rhavillmg@icq.com,F,Rene Havill,rhavillmg,cA0<p.<E/
mflellomh@nydailynews.com,F,Mill Flello,mflellomh,tX4'=?yhcI.noF
ckillickmi@narod.ru,F,Chadwick Killick,ckillickmi,"oB0""&~Y}'"
ebrantonmj@storify.com,M,Egbert Branton,ebrantonmj,kK9\{70`hDA
tdissmanmk@hhs.gov,M,Tiebout Dissman,tdissmanmk,tZ2|\N{jb~'wW6WV
ccraigieml@trellian.com,F,Cletis Craigie,ccraigieml,pF1&8wIQ.
kdanilovitchmm@ovh.net,M,Karisa Danilovitch,kdanilovitchmm,"jV2/!KAV=I!%,jd3"
lelymn@ebay.com,F,Laurena Ely,lelymn,gC3!tVK<O
kinfantinomo@reuters.com,F,Kathlin Infantino,kinfantinomo,wP9)!B/@A</y
nsparkmp@timesonline.co.uk,M,Noellyn Spark,nsparkmp,fW6}h5K4>+T7
ucoanmq@twitpic.com,F,Udell Coan,ucoanmq,cW0!b`NaK@D
soatesmr@ucla.edu,F,Shayna Oates,soatesmr,"eV6""0VnDH8D\n"
kharversonms@dedecms.com,M,Kenyon Harverson,kharversonms,lU9)Bl#f7M!M
tbraybrooksmt@gravatar.com,M,Tasia Braybrooks,tbraybrooksmt,nJ1{0e<'dw=)Rfu`
gcrotchmu@blogtalkradio.com,F,Granny Crotch,gcrotchmu,xF3`3iZ<y
jmallinsonmv@google.com.hk,M,Jennica Mallinson,jmallinsonmv,tZ8=d_%uRvGI5u
crappportmw@bravesites.com,F,Cordula Rappport,crappportmw,lE9@.q!S&HT`F
tallsepmx@jimdo.com,F,Terri Allsep,tallsepmx,cB0#*H2>KlG*%$$1
ncranagemy@ocn.ne.jp,M,Neil Cranage,ncranagemy,oS1?=f83..jB2!
mmackeanmz@google.ca,M,Margy MacKean,mmackeanmz,yP6'>*+I
lpriddisn0@bravesites.com,M,Leif Priddis,lpriddisn0,lX0`.<=KMmg
wtoothn1@ucoz.com,M,Wilfrid Tooth,wtoothn1,aG5'<l(s
beassebyn2@reuters.com,F,Bryanty Easseby,beassebyn2,mP7@FG6KLT4
akralen3@vinaora.com,M,Amabelle Krale,akralen3,oX9+F7M|
stawtonn4@pbs.org,M,Salomo Tawton,stawtonn4,"aL5>I84""yy*!F@"
pspieghtn5@telegraph.co.uk,M,Pete Spieght,pspieghtn5,wH2(0kWl%V
ugidneyn6@go.com,M,Uriel Gidney,ugidneyn6,oP1#i*F|V3G1FJ}#
wmccowenn7@kickstarter.com,M,William McCowen,wmccowenn7,"rE7""$!GU\|h"
zendleyn8@discovery.com,M,Zedekiah Endley,zendleyn8,eZ4=H\ms
tfindersn9@google.com.hk,F,Tibold Finders,tfindersn9,fI6&8ardk
cmuzzullona@goo.gl,M,Carree Muzzullo,cmuzzullona,gC9$WV@cv
bcarabetnb@google.com.hk,M,Bastian Carabet,bcarabetnb,kV6!{j'PBhQ8=
gpaintennc@shutterfly.com,M,Gale Painten,gpaintennc,tD4<\m{Gf/HVTj
rpersichnd@symantec.com,F,Rikki Persich,rpersichnd,dA2$%=\YSF4
gtomsne@unesco.org,M,Gisela Toms,gtomsne,sT2?X>6j'WmHGjXw
npattisonnf@vistaprint.com,F,Nicoli Pattison,npattisonnf,pC5\|sfS
tbestwerthickng@smugmug.com,F,Trisha Bestwerthick,tbestwerthickng,oY6%E(4zVMc0
fpetrecznh@newyorker.com,F,Fonz Petrecz,fpetrecznh,"pP0@4z~*=""3!6wL"
dhearnamanni@1688.com,F,Doralyn Hearnaman,dhearnamanni,nX1||pd>EaGDF(_e
llenj@ask.com,F,Lowe Le Grove,llenj,jW1'y?ftNyg
btousonnk@timesonline.co.uk,M,Berna Touson,btousonnk,eI0=g'GP3JBv+)5'
hcossonsnl@boston.com,F,Harrie Cossons,hcossonsnl,xE9)QEh}M`r
cvangonm@printfriendly.com,M,Clint Vango,cvangonm,"zN2""&~&a4D*hOTO"
msimonettinn@clickbank.net,M,Mitchael Simonetti,msimonettinn,mC2*YrNzol!rXO
lbraunrothno@altervista.org,M,Llywellyn Braunroth,lbraunrothno,tH5{*(D}@rS8iB
gschiroknp@tuttocitta.it,M,Gawain Schirok,gschiroknp,"tJ8}0D4yE}""a="
lbiagginq@nydailynews.com,M,Leola Biaggi,lbiagginq,"zA7""KcML"
syellnr@miitbeian.gov.cn,F,Sephira Yell,syellnr,"yX6""$ec="
rwordenns@php.net,M,Rae Worden,rwordenns,aV9~*xSLCotVb+
bdent@biglobe.ne.jp,M,Byrle De Ruggero,bdent,"pU4)aZ22QzqY6,6"
khampshirenu@pinterest.com,M,Kizzie Hampshire,khampshirenu,rD3|a0wa)V
krippingnv@domainmarket.com,F,Kelsy Ripping,krippingnv,fO3&XSm!\/N>wG7s
cpetronisnw@diigo.com,F,Cointon Petronis,cpetronisnw,wV9>}O#j'\
hdixceenx@springer.com,F,Hailey Dixcee,hdixceenx,gO1<<FkI.ck{
lskittrallny@csmonitor.com,M,Lotte Skittrall,lskittrallny,jU2(SAfX1
cseppeynz@ask.com,M,Cesaro Seppey,cseppeynz,zP9+T\_pQ+
sfakeleyo0@aol.com,F,Sephira Fakeley,sfakeleyo0,"eM9#d""o3"
astockowo1@upenn.edu,F,Avrit Stockow,astockowo1,"oE2(L&#"""
dbenasiko2@harvard.edu,M,Dianne Benasik,dbenasiko2,hI4}<3$w&i
cvelo3@engadget.com,F,Caril Vel,cvelo3,nO1>FWTsnTG8Wmkn
lbedburyo4@sciencedirect.com,F,Loralyn Bedbury,lbedburyo4,mN4%C`|JXr@
fsinneyo5@yolasite.com,F,Farlie Sinney,fsinneyo5,"eC7?`*,32NQkoq"
mscoularo6@dagondesign.com,M,Myrta Scoular,mscoularo6,"uB6_,?BgDDo"
dgorgeno7@wordpress.org,M,Duane Gorgen,dgorgeno7,zI0(`4<~eS
dknottono8@domainmarket.com,M,Darnell Knotton,dknottono8,eM7|skiqpIe`c6a.
cwriggleswortho9@symantec.com,F,Cal Wrigglesworth,cwriggleswortho9,"cK2&5""~g<!`"
espearoa@shinystat.com,F,Ellette Spear,espearoa,"bP5%@ZrK%n,cB7@C"
ecellerob@biglobe.ne.jp,F,Edi Celler,ecellerob,uL7'=P_te?a&v`
smcgibbonoc@twitpic.com,F,Shep McGibbon,smcgibbonoc,qZ5'Vm')5yvlAa
dswancockod@cocolog-nifty.com,F,Drud Swancock,dswancockod,zW4#=nb+Ts{d=
dstuddeoe@dell.com,F,Desi Studde,dstuddeoe,hO1'_~mWBU25@5
acrankhornof@example.com,F,Aldo Crankhorn,acrankhornof,"cK3>}F4Q,s{P#URF"
kbabinskiog@biblegateway.com,F,Kristi Babinski,kbabinskiog,gR4#v%GvVme
rcockranoh@cam.ac.uk,M,Rosetta Cockran,rcockranoh,gM9<>fLr
cdantuonioi@mozilla.org,F,Carole D'Antuoni,cdantuonioi,zU4&)Kb6N0rI4F
wcattenachoj@1688.com,F,Ward Cattenach,wcattenachoj,eA8$GV=/'*`o`Gx
jbasonok@gnu.org,F,Jackie Bason,jbasonok,wO2?g68jw@ei{?FS
memeryol@bluehost.com,M,Mendie Emery,memeryol,"bV8./xG""("""
gerridgeom@tmall.com,M,Garwin Erridge,gerridgeom,lX5\%fM\c&U
sbarbrookon@whitehouse.gov,F,Sydney Barbrook,sbarbrookon,"wX6<Y%,$toYy@"
gveltmannoo@blogs.com,F,Gib Veltmann,gveltmannoo,"nM1!)cCG}<"".uW?"
aarnholdtop@reference.com,M,Antonio Arnholdt,aarnholdtop,xO7=C.vc
enormadelloq@goodreads.com,F,Emmit Normadell,enormadelloq,dU2|g}ms
sdallowayor@tiny.cc,M,Sybille Dalloway,sdallowayor,uP8>0qn&<70\
rpallesenos@timesonline.co.uk,F,Rochelle Pallesen,rpallesenos,"dT8""#vi1P="
npridittot@booking.com,M,Noni Priditt,npridittot,"yH3'TD,X~TDhQ"
bkuncou@yandex.ru,M,Bradney Kunc,bkuncou,wA4?Oh!NF
lwelchov@reverbnation.com,F,Livia Welch,lwelchov,mU4\v9&yY
othickpennyow@blogspot.com,M,Obediah Thickpenny,othickpennyow,"cH9\cP,k#1s{<Q@y"
rsigginsox@skype.com,F,Ricky Siggins,rsigginsox,pZ8#<EWk)P
bjindaoy@cloudflare.com,M,Benedick Jinda,bjindaoy,"iP9_""Q|`8`>dBF"
hharkessoz@cargocollective.com,F,Harmonie Harkess,hharkessoz,jQ8(z8hQmpm)
spleyp0@alibaba.com,M,Sidonnie Pley,spleyp0,sI7@!f9&G
adobinsonp1@xinhuanet.com,M,Ali Dobinson,adobinsonp1,eA5<Ac2o0Dd+T'w
rprattonp2@privacy.gov.au,M,Ryun Pratton,rprattonp2,"zM3}7,3AJwVfJ"
mforstp3@flickr.com,M,Merola Forst,mforstp3,eQ3&D+iGJwxU
cbutfieldp4@mapy.cz,M,Cordi Butfield,cbutfieldp4,"tQ3$IL<T,It,w4"
pepslyp5@instagram.com,F,Paola Epsly,pepslyp5,oK1.LvyC+&Ba~
ryakobovitzp6@webs.com,F,Rubie Yakobovitz,ryakobovitzp6,"rF1#,O\YWqzz/"
rbowhayp7@uol.com.br,M,Rosette Bowhay,rbowhayp7,"iP7|Rl?s#,6g\btV"
aolivop8@acquirethisname.com,M,Alayne Olivo,aolivop8,lZ3>ElG}J'_KX
ccraighallp9@auda.org.au,F,Carlee Craighall,ccraighallp9,nH9+ktll\DB
mbarbarapa@cmu.edu,F,Maurene Barbara,mbarbarapa,tP5)&N*wifxE?<Z'
dbayldonpb@webnode.com,F,Darcy Bayldon,dbayldonpb,oH4)Bz9U
dsommerpc@ovh.net,M,Dawna Sommer,dsommerpc,"rD1*,C20<\u8`"
iwolstencroftpd@soundcloud.com,F,Itch Wolstencroft,iwolstencroftpd,iR1/oo_UB14P5j
pvivianpe@vimeo.com,F,Peggy Vivian,pvivianpe,"dF8*h,04!"
ktollerfieldpf@mac.com,M,Karina Tollerfield,ktollerfieldpf,gU3&c/z{8@epdv
rhardikerpg@tinyurl.com,M,Remington Hardiker,rhardikerpg,rF5#6@c>{
cgasnollph@princeton.edu,F,Colas Gasnoll,cgasnollph,iP8|+x'Y%<
blewingpi@rambler.ru,F,Berny Lewing,blewingpi,bS6+nF*JPwC
cmcleoidpj@house.gov,M,Cloe McLeoid,cmcleoidpj,"pZ4@4,qRIon$"
rnellpk@nymag.com,M,Renee Nell,rnellpk,hT6=3DvF~
ckerinspl@hostgator.com,M,Caressa Kerins,ckerinspl,jB5&&yss
dklaispm@jimdo.com,M,Danita Klais,dklaispm,hL0$b/D@RRL+)
mendepn@stumbleupon.com,M,Marcellus Ende,mendepn,gB8%SSkem6W|
lsifflettpo@techcrunch.com,M,Lazar Sifflett,lsifflettpo,wL1#+MbVz8{
wlalleypp@drupal.org,M,Winny Lalley,wlalleypp,"vW7!pI$cU""l=*"
nthomepq@wsj.com,M,Nikola Thome,nthomepq,aU6!{afpQ}z~P=C=
gcrackelpr@issuu.com,F,Gayle Crackel,gcrackelpr,"vA0""=La\r"""
jtapleyps@g.co,M,Justinian Tapley,jtapleyps,"aS6,=c!a~,Yu"
kamangerpt@bing.com,M,Kellby aManger,kamangerpt,"xM1\RMpvOPp(fT"""
sbozierpu@blogspot.com,M,Sibyl Bozier,sbozierpu,lS6\Rx@6|g{
wgarardpv@list-manage.com,F,Waldo Garard,wgarardpv,qM4/EH}9_Ag)8H+
trowcastlepw@shutterfly.com,F,Toiboid Rowcastle,trowcastlepw,nL5&TNkttP
nhulettpx@altervista.org,M,Norris Hulett,nhulettpx,eO3*oxBx
khegartypy@issuu.com,F,Keelia Hegarty,khegartypy,nE4%lfgr
aeggertonpz@nytimes.com,M,Abbe Eggerton,aeggertonpz,aK7+0V94UO
efeakeq0@t.co,M,Emory Feake,efeakeq0,nR6$C!duo
ffeaveerq1@noaa.gov,F,Fallon Feaveer,ffeaveerq1,iW0+t{zS570=)36J
tfairleighq2@hc360.com,M,Tiertza Fairleigh,tfairleighq2,dU9!0Qqum3l
llafayq3@studiopress.com,M,Lamond Lafay,llafayq3,kU4~vf~~G
nfiddymontq4@ucoz.ru,F,Nerty Fiddymont,nfiddymontq4,"yV6,5OGnPiZ"
gfinnanq5@bandcamp.com,M,Giuditta Finnan,gfinnanq5,eZ7{?d`Iqwvz`RjI
weustisq6@yelp.com,F,Wileen Eustis,weustisq6,"vK6?hA<3""!5f"
gpyffeq7@cbsnews.com,F,Garwin Pyffe,gpyffeq7,"oX0\LghpzM/t,"
ganfussoq8@ning.com,F,Grantley Anfusso,ganfussoq8,iN6'4JJIHU8nDy
abindleyq9@ihg.com,F,Arnaldo Bindley,abindleyq9,yG6\evJAu/4Cx}T
ccairdqa@google.co.jp,M,Consalve Caird,ccairdqa,eR9?aT|5
jzanelliqb@senate.gov,M,Janifer Zanelli,jzanelliqb,"qL1!Aj.""l|e1"
gmuselliqc@cafepress.com,M,Goldi Muselli,gmuselliqc,"fI0=!,Vw"
santhonqd@ft.com,M,Shelbi Anthon,santhonqd,jW5.3u+/=w`T5l
dbrimblecombqe@altervista.org,F,Dorise Brimblecomb,dbrimblecombqe,zD3>trBFB
adionisettoqf@gizmodo.com,M,Amara Dionisetto,adionisettoqf,aA8&+0+'UkuQoC
kclaydenqg@goo.ne.jp,M,Krishna Clayden,kclaydenqg,iN1=3Tm|s~
jbegentqh@nbcnews.com,M,Jourdan Begent,jbegentqh,"xH5,C.zA\>rL"
asterlingqi@wufoo.com,F,Abe Sterling,asterlingqi,yO5?EjEbu3<jy1VH
kpeascodqj@drupal.org,F,Kelly Peascod,kpeascodqj,tB4<~0(E
lgalloneqk@elegantthemes.com,F,Leoine Gallone,lgalloneqk,"rF7/1v,\jV3="
mhollyarql@elpais.com,M,Morgen Hollyar,mhollyarql,"tB0=\et(h?z""_"
clarmanqm@flavors.me,F,Cori Larman,clarmanqm,vN3@1IoV*J
jdeqn@guardian.co.uk,M,Josias De Giorgis,jdeqn,dF2|1W)FI|s
gairsqo@cornell.edu,M,Gibby Airs,gairsqo,dZ9\}qXI9bUz*~
padelmanqp@canalblog.com,M,Prisca Adelman,padelmanqp,oR4\~m_Sz?8$nvS
hgaukrogerqq@shareasale.com,M,Hale Gaukroger,hgaukrogerqq,"gX4\zr""\Kl"
hmattenqr@360.cn,M,Harald Matten,hmattenqr,"sY2<iQb"")"
gbarkasqs@ox.ac.uk,M,Gilbertina Barkas,gbarkasqs,pW7~_l|Q6
bodooganqt@lulu.com,F,Bucky O'Doogan,bodooganqt,mO0+iSU%\9vGV@qw
ratmorequ@house.gov,F,Roseann Atmore,ratmorequ,xM9.u~|U+5
bmayworthqv@cmu.edu,F,Broddie Mayworth,bmayworthqv,lY9.BthW=WG
jlamzedqw@fotki.com,F,Janaye Lamzed,jlamzedqw,zF7*.F/@Rh+}Fz
dspicerqx@theguardian.com,M,Duke Spicer,dspicerqx,sO8|NYkO+2q#N1
mekinsqy@prlog.org,F,Marnie Ekins,mekinsqy,vP9`4CTI|6`i
rharropqz@umich.edu,M,Roby Harrop,rharropqz,cG5\d.HJZhi>jr7
cmackeaguer0@huffingtonpost.com,F,Corty MacKeague,cmackeaguer0,xW3__lg=Rf=7*cP+
mjenninsr1@google.es,F,Myrilla Jennins,mjenninsr1,"fB4+|@JQu,jD.$9"
amaymandr2@tinypic.com,F,Ardra Maymand,amaymandr2,uV8<8xvQ{\w/4
ghammarbergr3@japanpost.jp,F,Guenna Hammarberg,ghammarbergr3,iN0!blEFxo})Fyp
csnaryr4@smugmug.com,F,Chere Snary,csnaryr4,aZ6~5P6w8?&UG@
eduleyr5@bandcamp.com,M,Eran Duley,eduleyr5,"zY4%0G%Q,t5eY_"
mborgr6@omniture.com,F,Marty Borg,mborgr6,nA0(9/}v&&C_8
hder7@list-manage.com,F,Hermie De Francesco,hder7,"nW5,j4|v@U.O,"
cpitblador8@foxnews.com,M,Cirilo Pitblado,cpitblador8,uR3@i(sPks
asilverstoner9@hibu.com,F,Alverta Silverstone,asilverstoner9,lB8+D`Z&C
lbandierara@epa.gov,M,Lorrayne Bandiera,lbandierara,zZ6#*p042VfFYZh
dmaypowderrb@amazon.co.jp,M,Denny Maypowder,dmaypowderrb,rS0#Q1P/c\qP
kcarreyetterc@yandex.ru,M,Kienan Carreyette,kcarreyetterc,oN3*L2Veey}ay
gstainburnrd@surveymonkey.com,M,Gannie Stainburn,gstainburnrd,hC9#!`92jt823T\x
acostyre@earthlink.net,M,Angil Costy,acostyre,wH9&%oSL}0ol
sbimsrf@examiner.com,F,Shena Bims,sbimsrf,zQ0@2xPdO
pconyersrg@ucoz.com,M,Pauly Conyers,pconyersrg,aO0*da36t*e9V
gskewsrh@reverbnation.com,F,Gusella Skews,gskewsrh,"bJ3<$Z?.N""Z"
qfisbeyri@yale.edu,F,Quinta Fisbey,qfisbeyri,"eT6#""tZi"
dbenaharonrj@blogspot.com,M,Diandra Ben-Aharon,dbenaharonrj,pD2<=?}an>1*e
lstuckrk@cyberchimps.com,F,Lem Stuck,lstuckrk,bP7~q5y4
cagneyrl@stanford.edu,F,Carlina Agney,cagneyrl,oQ4&*FhQ)l698Mj9
dbrastedrm@pinterest.com,M,Durant Brasted,dbrastedrm,xM4@if{GK!k(vt}j
dwittrn@newyorker.com,F,De witt Gettens,dwittrn,aV9%sosr
nchansonnauro@fotki.com,M,Nickie Chansonnau,nchansonnauro,zD8(WR)Ke$NvoP
ltrencherrp@ftc.gov,F,Livvy Trencher,ltrencherrp,xO2'PJqTDwG
rjenckenrq@go.com,M,Roshelle Jencken,rjenckenrq,kF8)OS7x
kgumbrr@biblegateway.com,F,Klarrisa Gumb,kgumbrr,gB2!h<=0t2Ra}|<m
